Collection ID,Genus,Species,GenusSpecies,Latitude,Longitude,Elevation (m)
SC 14 17,Naesiotus,cavagnaroi,Naesiotus cavagnaroi,-0.71155,-90.46068,73
SC 14 17,Naesiotus,hirsutus,Naesiotus hirsutus,-0.71155,-90.46068,73
SC 14 17,Naesiotus,ochsneri,Naesiotus ochsneri,-0.71155,-90.46068,73
SC 14 17,Naesiotus,reibischii,Naesiotus reibischii,-0.71155,-90.46068,73
SC 14 17,Naesiotus,saeronius,Naesiotus saeronius,-0.71155,-90.46068,73
SC 14 17,Naesiotus,wolfi,Naesiotus wolfi,-0.71155,-90.46068,73
SC 14 16,Naesiotus,cf. ochsneri,Naesiotus cf. ochsneri,-0.70910641,-90.45877224,81.11633301
SC 14 16,Naesiotus,hirsutus,Naesiotus hirsutus,-0.70910641,-90.45877224,81.11633301
SC 14 16,Naesiotus,reibischii,Naesiotus reibischii,-0.70910641,-90.45877224,81.11633301
SC14 16 1 01 xray,Naesiotus,ochsneri,Naesiotus ochsneri,-0.7091,-90.45877,81
SC14 16 1 04 xray,Naesiotus,ochsneri,Naesiotus ochsneri,-0.7091,-90.45877,81
SC14 16 1 05 xray,Naesiotus,ochsneri,Naesiotus ochsneri,-0.7091,-90.45877,81
SC14 16 1 06 xray,Naesiotus,ochsneri,Naesiotus ochsneri,-0.7091,-90.45877,81
SC14 16 1 07 xray,Naesiotus,ochsneri,Naesiotus ochsneri,-0.7091,-90.45877,81
SC15-10,Naesiotus,cf. ochsneri,Naesiotus cf. ochsneri,-0.6163667,-90.4584667,290
SC15-10,Naesiotus,hirsutus,Naesiotus hirsutus,-0.6163667,-90.4584667,290
SC15-10,Naesiotus,reibischii,Naesiotus reibischii,-0.6163667,-90.4584667,290
SC 14 n of 16,Naesiotus,n.sp.SC-2,Naesiotus n.sp.SC-2,-0.704825,-90.45831,
SC 14 n of 16,Naesiotus,ochsneri,Naesiotus ochsneri,-0.704825,-90.45831,
SC14 N16 1 01 xray,Naesiotus,ochsneri,Naesiotus ochsneri,-0.704825,-90.45831,
SC14 N16 1 01 xray,Naesiotus,ochsneri,Naesiotus ochsneri,-0.704825,-90.45831,
SC14 N16 1 02 xray,Naesiotus,ochsneri,Naesiotus ochsneri,-0.704825,-90.45831,
SC14 N16 1 02 xray,Naesiotus,ochsneri,Naesiotus ochsneri,-0.704825,-90.45831,
SC14 N16 1 03 xray,Naesiotus,ochsneri,Naesiotus ochsneri,-0.704825,-90.45831,
SC14 N16 1 03 xray,Naesiotus,ochsneri,Naesiotus ochsneri,-0.704825,-90.45831,
SC14 N16 1 04 xray,Naesiotus,ochsneri,Naesiotus ochsneri,-0.704825,-90.45831,
SC14 N16 1 04 xray,Naesiotus,ochsneri,Naesiotus ochsneri,-0.704825,-90.45831,
SC14 N16 1 05 xray,Naesiotus,ochsneri,Naesiotus ochsneri,-0.704825,-90.45831,
SC14 N16 1 05 xray,Naesiotus,ochsneri,Naesiotus ochsneri,-0.704825,-90.45831,
SC14 N16 1 06 xray,Naesiotus,ochsneri,Naesiotus ochsneri,-0.704825,-90.45831,
SC14 N16 1 06 xray,Naesiotus,ochsneri,Naesiotus ochsneri,-0.704825,-90.45831,
SC 14 n of 16,Naesiotus,reibischii,Naesiotus reibischii,-0.704825,-90.45831,
SC15-09,Naesiotus,cf. ochsneri,Naesiotus cf. ochsneri,-0.6186,-90.4569833,303
SC15-09,Naesiotus,ochsneri,Naesiotus ochsneri,-0.6186,-90.4569833,303
SC15 09 01 08 xray,Naesiotus,cf. ochsneri,Naesiotus cf. ochsneri,-0.6186,-90.45698,303
SC15 09 01 09 xray,Naesiotus,cf. ochsneri,Naesiotus cf. ochsneri,-0.6186,-90.45698,303
SC15 09 01 10 xray,Naesiotus,cf. ochsneri,Naesiotus cf. ochsneri,-0.6186,-90.45698,303
SC15 09 01 11 xray,Naesiotus,cf. ochsneri,Naesiotus cf. ochsneri,-0.6186,-90.45698,303
SC15 09 01 12 xray,Naesiotus,cf. ochsneri,Naesiotus cf. ochsneri,-0.6186,-90.45698,303
SC15 09 01 13 xray,Naesiotus,cf. ochsneri,Naesiotus cf. ochsneri,-0.6186,-90.45698,303
SC15 09 01 14 xray,Naesiotus,cf. ochsneri,Naesiotus cf. ochsneri,-0.6186,-90.45698,303
SC 14 15,Naesiotus,n.sp. Yannickus,Naesiotus n.sp. Yannickus,-0.698057134,-90.4562202,141.1983643
SC 14 15,Naesiotus,n.sp.SC-3,Naesiotus n.sp.SC-3,-0.698057134,-90.4562202,141.1983643
SC 14 15,Naesiotus,wolfi,Naesiotus wolfi,-0.698057134,-90.4562202,141.1983643
SC 14 18,Naesiotus,eos,Naesiotus eos,-0.7003667,-90.45608,87
SC 14 18,Naesiotus,lycodus,Naesiotus lycodus,-0.7003667,-90.45608,87
SC 14 18,Naesiotus,n.sp.SC-2,Naesiotus n.sp.SC-2,-0.7003667,-90.45608,87
SC 14 18,Naesiotus,wolfi,Naesiotus wolfi,-0.7003667,-90.45608,87
SC 2T20 816 shells,Naesiotus,cf. ochsneri,Naesiotus cf. ochsneri,-0.7006333,-90.45587,97
SC 2T20 816 shells,Naesiotus,eos,Naesiotus eos,-0.7006333,-90.45587,97
SC 2T20 816 shells,Naesiotus,n.sp. Yannickus,Naesiotus n.sp. Yannickus,-0.7006333,-90.45587,97
SC 2T20 816 shells,Naesiotus,ochsneri,Naesiotus ochsneri,-0.7006333,-90.45587,97
SC 2T20 816 shells,Naesiotus,wolfi,Naesiotus wolfi,-0.7006333,-90.45587,97
SC15-C-T20-2-1,Naesiotus,akamatus,Naesiotus akamatus,-0.700633144,-90.45586087,96.7376709
SC15-C-T20-2-2,Naesiotus,akamatus,Naesiotus akamatus,-0.700633144,-90.45586087,96.7376709
SC15-C-T20-2-3,Naesiotus,akamatus,Naesiotus akamatus,-0.700633144,-90.45586087,96.7376709
SC15-C-T20-2-4,Naesiotus,akamatus,Naesiotus akamatus,-0.700633144,-90.45586087,96.7376709
SC15-C-T20-2-5,Naesiotus,akamatus,Naesiotus akamatus,-0.700633144,-90.45586087,96.7376709
SC15-C-T20-2-6,Naesiotus,akamatus,Naesiotus akamatus,-0.700633144,-90.45586087,96.7376709
SC15-C-T20-2-7,Naesiotus,akamatus,Naesiotus akamatus,-0.700633144,-90.45586087,96.7376709
SC15-C-T20-2-8,Naesiotus,akamatus,Naesiotus akamatus,-0.700633144,-90.45586087,96.7376709
SC15-C-T20-2-9,Naesiotus,akamatus,Naesiotus akamatus,-0.700633144,-90.45586087,96.7376709
SC15-C-T20-3-1,Naesiotus,kublerensis,Naesiotus kublerensis,-0.700633144,-90.45586087,96.7376709
SC15-C-T20-3-2,Naesiotus,kublerensis,Naesiotus kublerensis,-0.700633144,-90.45586087,96.7376709
SC15-C-T20-3-3,Naesiotus,kublerensis,Naesiotus kublerensis,-0.700633144,-90.45586087,96.7376709
SC15-C-T20-3-4,Naesiotus,kublerensis,Naesiotus kublerensis,-0.700633144,-90.45586087,96.7376709
SC15-C-T20-3-5,Naesiotus,kublerensis,Naesiotus kublerensis,-0.700633144,-90.45586087,96.7376709
SC15-C-T20-3-6,Naesiotus,kublerensis,Naesiotus kublerensis,-0.700633144,-90.45586087,96.7376709
SC15-C-T20-3-7,Naesiotus,kublerensis,Naesiotus kublerensis,-0.700633144,-90.45586087,96.7376709
SC15-C-T20-3-8,Naesiotus,kublerensis,Naesiotus kublerensis,-0.700633144,-90.45586087,96.7376709
SC15-C-T20-3-9,Naesiotus,kublerensis,Naesiotus kublerensis,-0.700633144,-90.45586087,96.7376709
SC15-C-T20-4-1,Naesiotus,wolfi,Naesiotus wolfi,-0.700633144,-90.45586087,96.7376709
SC15-C-T20-4-2,Naesiotus,wolfi,Naesiotus wolfi,-0.700633144,-90.45586087,96.7376709
SC2E20,Naesiotus,cf. ochsneri,Naesiotus cf. ochsneri,-0.701014688,-90.45584025,94.81506348
SC2E20,Naesiotus,reibischii,Naesiotus reibischii,-0.701014688,-90.45584025,94.81506348
SC19-02,Naesiotus,hirsutus,Naesiotus hirsutus,-0.697578024,-90.455653,131.279037
SC19-02,Naesiotus,ochsneri,Naesiotus ochsneri,-0.697578024,-90.455653,131.279037
SC19-02,Naesiotus,reibischii,Naesiotus reibischii,-0.697578024,-90.455653,131.279037
SC 14 14 tanneri,Naesiotus,cf. ochsneri,Naesiotus cf. ochsneri,-0.697475178,-90.45559173,139.5158691
SC 14 13-14 tanneri,Naesiotus,cf. ochsneri,Naesiotus cf. ochsneri,-0.697475178,-90.45559173,139.5158691
SC 14 14,Naesiotus,cf. ochsneri,Naesiotus cf. ochsneri,-0.697475178,-90.45559173,139.5158691
SC14-14,Naesiotus,kublerensis,Naesiotus kublerensis,-0.697475178,-90.45559173,139.5158691
SC 14 14,Naesiotus,n.sp. Yannickus,Naesiotus n.sp. Yannickus,-0.697475178,-90.45559173,139.5158691
SC14-14,Naesiotus,n.sp. Yannickus,Naesiotus n.sp. Yannickus,-0.697475178,-90.45559173,139.5158691
SC 14 14,Naesiotus,n.sp.SC-3,Naesiotus n.sp.SC-3,-0.697475178,-90.45559173,139.5158691
SC14-14,Naesiotus,reibischii,Naesiotus reibischii,-0.697475178,-90.45559173,139.5158691
SC 14 14,Naesiotus,wolfi,Naesiotus wolfi,-0.697475178,-90.45559173,139.5158691
SC15-07,Naesiotus,eos,Naesiotus eos,-0.6229167,-90.45315,331
SC15-07,Naesiotus,ochsneri,Naesiotus ochsneri,-0.6229167,-90.45315,331
SC15 07 01 xray,Naesiotus,ochsneri,Naesiotus ochsneri,-0.6229167,-90.45315,331
SC15 07 01 02 xray,Naesiotus,ochsneri,Naesiotus ochsneri,-0.6229167,-90.45315,331
SC15 07 01 3 xray,Naesiotus,ochsneri,Naesiotus ochsneri,-0.6229167,-90.45315,331
SC15 07 01 4 xray,Naesiotus,ochsneri,Naesiotus ochsneri,-0.6229167,-90.45315,331
SC15 07 01 5 xray,Naesiotus,ochsneri,Naesiotus ochsneri,-0.6229167,-90.45315,331
SC15 07 01 6 xray,Naesiotus,ochsneri,Naesiotus ochsneri,-0.6229167,-90.45315,331
SC15 07 01 7 xray,Naesiotus,ochsneri,Naesiotus ochsneri,-0.6229167,-90.45315,331
SC15 07 01 8 xray,Naesiotus,ochsneri,Naesiotus ochsneri,-0.6229167,-90.45315,331
SC15 07 01 9 xray,Naesiotus,ochsneri,Naesiotus ochsneri,-0.6229167,-90.45315,331
SC15 07 01 10 xray,Naesiotus,ochsneri,Naesiotus ochsneri,-0.6229167,-90.45315,331
SC15 07 01 11 xray,Naesiotus,ochsneri,Naesiotus ochsneri,-0.6229167,-90.45315,331
SC15 07 01 12 xray,Naesiotus,ochsneri,Naesiotus ochsneri,-0.6229167,-90.45315,331
SC15-07,Naesiotus,wolfi,Naesiotus wolfi,-0.6229167,-90.45315,331
SC15-06,Naesiotus,ochsneri,Naesiotus ochsneri,-0.6235833,-90.4522167,329
SC18-49 N=91,Naesiotus,cf. ochsneri,Naesiotus cf. ochsneri,-0.613948843,-90.45036854,334.9024658
SC18-49 N=91,Naesiotus,hirsutus,Naesiotus hirsutus,-0.613948843,-90.45036854,334.9024658
SC18-49 N=91,Naesiotus,ochsneri,Naesiotus ochsneri,-0.613948843,-90.45036854,334.9024658
SC19-10,Naesiotus,ochsneri,Naesiotus ochsneri,-0.641398989,-90.45033401,298.449432
SC19-10,Naesiotus,saeronius,Naesiotus saeronius,-0.641398989,-90.45033401,298.449432
SC19-03 n=2 Sheels,Naesiotus,hirsutus,Naesiotus hirsutus,-0.692795981,-90.44992698,146.340668
SC19 01 shells N=43,Naesiotus,eos,Naesiotus eos,-0.692673018,-90.44990703,155.566681
SC19 01 shells N=43,Naesiotus,hirsutus,Naesiotus hirsutus,-0.692673018,-90.44990703,155.566681
SC19 01 shells N=43,Naesiotus,saeronius,Naesiotus saeronius,-0.692673018,-90.44990703,155.566681
SC 14 13,Naesiotus,eos,Naesiotus eos,-0.692653907,-90.4498041,152.4936523
SC14 13 2 11,Naesiotus,hirsutus,Naesiotus hirsutus,-0.692653907,-90.4498041,152.4936523
SC14 13 2 01,Naesiotus,n.sp. Yannickus,Naesiotus n.sp. Yannickus,-0.692653907,-90.4498041,152.4936523
SC14 13 2 02,Naesiotus,n.sp. Yannickus,Naesiotus n.sp. Yannickus,-0.692653907,-90.4498041,152.4936523
SC14 13 2 03,Naesiotus,n.sp. Yannickus,Naesiotus n.sp. Yannickus,-0.692653907,-90.4498041,152.4936523
SC14 13 2 04,Naesiotus,n.sp. Yannickus,Naesiotus n.sp. Yannickus,-0.692653907,-90.4498041,152.4936523
SC14 13 2 05,Naesiotus,n.sp. Yannickus,Naesiotus n.sp. Yannickus,-0.692653907,-90.4498041,152.4936523
SC14 13 2 06,Naesiotus,n.sp. Yannickus,Naesiotus n.sp. Yannickus,-0.692653907,-90.4498041,152.4936523
SC14 13 2 07,Naesiotus,n.sp. Yannickus,Naesiotus n.sp. Yannickus,-0.692653907,-90.4498041,152.4936523
SC14 13 2 08,Naesiotus,n.sp. Yannickus,Naesiotus n.sp. Yannickus,-0.692653907,-90.4498041,152.4936523
SC14 13 2 09,Naesiotus,n.sp. Yannickus,Naesiotus n.sp. Yannickus,-0.692653907,-90.4498041,152.4936523
SC14 13 2 10,Naesiotus,n.sp. Yannickus,Naesiotus n.sp. Yannickus,-0.692653907,-90.4498041,152.4936523
SC14 13 2 11,Naesiotus,n.sp. Yannickus,Naesiotus n.sp. Yannickus,-0.692653907,-90.4498041,152.4936523
SC14 13 2 12,Naesiotus,n.sp. Yannickus,Naesiotus n.sp. Yannickus,-0.692653907,-90.4498041,152.4936523
SC14 13 2 13,Naesiotus,n.sp. Yannickus,Naesiotus n.sp. Yannickus,-0.692653907,-90.4498041,152.4936523
SC14 13 2 14,Naesiotus,n.sp. Yannickus,Naesiotus n.sp. Yannickus,-0.692653907,-90.4498041,152.4936523
SC14 13 2 15,Naesiotus,n.sp. Yannickus,Naesiotus n.sp. Yannickus,-0.692653907,-90.4498041,152.4936523
SC14 13 2 16,Naesiotus,n.sp. Yannickus,Naesiotus n.sp. Yannickus,-0.692653907,-90.4498041,152.4936523
SC14 13 2 17,Naesiotus,n.sp. Yannickus,Naesiotus n.sp. Yannickus,-0.692653907,-90.4498041,152.4936523
SC14 13 2 18,Naesiotus,n.sp. Yannickus,Naesiotus n.sp. Yannickus,-0.692653907,-90.4498041,152.4936523
SC14 13 2 19,Naesiotus,n.sp. Yannickus,Naesiotus n.sp. Yannickus,-0.692653907,-90.4498041,152.4936523
SC14 13 2 20,Naesiotus,n.sp. Yannickus,Naesiotus n.sp. Yannickus,-0.692653907,-90.4498041,152.4936523
SC 14 13,Naesiotus,n.sp.SC-3,Naesiotus n.sp.SC-3,-0.692653907,-90.4498041,152.4936523
SC 14 13,Naesiotus,wolfi,Naesiotus wolfi,-0.692653907,-90.4498041,152.4936523
SC14 13 1 01,Naesiotus,wolfi,Naesiotus wolfi,-0.692653907,-90.4498041,152.4936523
SC14 13 1 02,Naesiotus,wolfi,Naesiotus wolfi,-0.692653907,-90.4498041,152.4936523
SC14 13 1 03,Naesiotus,wolfi,Naesiotus wolfi,-0.692653907,-90.4498041,152.4936523
SC14 13 1 04,Naesiotus,wolfi,Naesiotus wolfi,-0.692653907,-90.4498041,152.4936523
SC14 13 1 05,Naesiotus,wolfi,Naesiotus wolfi,-0.692653907,-90.4498041,152.4936523
SC14 13 1 06,Naesiotus,wolfi,Naesiotus wolfi,-0.692653907,-90.4498041,152.4936523
SC14 13 1 07,Naesiotus,wolfi,Naesiotus wolfi,-0.692653907,-90.4498041,152.4936523
SC14 13 1 08,Naesiotus,wolfi,Naesiotus wolfi,-0.692653907,-90.4498041,152.4936523
SC14 13 1 09,Naesiotus,wolfi,Naesiotus wolfi,-0.692653907,-90.4498041,152.4936523
SC14 13 1 10,Naesiotus,wolfi,Naesiotus wolfi,-0.692653907,-90.4498041,152.4936523
SC14 13 1 11,Naesiotus,wolfi,Naesiotus wolfi,-0.692653907,-90.4498041,152.4936523
SC14 13 1 12,Naesiotus,wolfi,Naesiotus wolfi,-0.692653907,-90.4498041,152.4936523
SC14 13 1 13,Naesiotus,wolfi,Naesiotus wolfi,-0.692653907,-90.4498041,152.4936523
SC14 13 1 14,Naesiotus,wolfi,Naesiotus wolfi,-0.692653907,-90.4498041,152.4936523
SC14 13 1 15,Naesiotus,wolfi,Naesiotus wolfi,-0.692653907,-90.4498041,152.4936523
SC14 13 1 16,Naesiotus,wolfi,Naesiotus wolfi,-0.692653907,-90.4498041,152.4936523
SC14 13 1 17,Naesiotus,wolfi,Naesiotus wolfi,-0.692653907,-90.4498041,152.4936523
SC14 13 1 18,Naesiotus,wolfi,Naesiotus wolfi,-0.692653907,-90.4498041,152.4936523
SC14 13 1 19,Naesiotus,wolfi,Naesiotus wolfi,-0.692653907,-90.4498041,152.4936523
SC14 13 1 20,Naesiotus,wolfi,Naesiotus wolfi,-0.692653907,-90.4498041,152.4936523
SC15-05,Naesiotus,ochsneri,Naesiotus ochsneri,-0.6243667,-90.4496667,343
SC 14 12,Naesiotus,eos,Naesiotus eos,-0.69215904,-90.44935266,151.2919922
SC 14 12,Naesiotus,wolfi,Naesiotus wolfi,-0.69215904,-90.44935266,151.2919922
SC 14 11,Naesiotus,n.sp.SC-3,Naesiotus n.sp.SC-3,-0.69228502,-90.44847021,149.8500977
SC 14 11,Naesiotus,wolfi,Naesiotus wolfi,-0.69228502,-90.44847021,149.8500977
SC 14 10,Naesiotus,eos,Naesiotus eos,-0.691813957,-90.44613065,150.3306885
SC 14 10,Naesiotus,wolfi,Naesiotus wolfi,-0.691813957,-90.44613065,150.3306885
SC14 10 1 01,Naesiotus,wolfi,Naesiotus wolfi,-0.691813957,-90.44613065,150.3306885
SC14 10 1 02,Naesiotus,wolfi,Naesiotus wolfi,-0.691813957,-90.44613065,150.3306885
SC14 10 1 03,Naesiotus,wolfi,Naesiotus wolfi,-0.691813957,-90.44613065,150.3306885
SC14 10 1 04,Naesiotus,wolfi,Naesiotus wolfi,-0.691813957,-90.44613065,150.3306885
SC14 10 1 05,Naesiotus,wolfi,Naesiotus wolfi,-0.691813957,-90.44613065,150.3306885
SC14 10 1 06,Naesiotus,wolfi,Naesiotus wolfi,-0.691813957,-90.44613065,150.3306885
SC14 10 1 07,Naesiotus,wolfi,Naesiotus wolfi,-0.691813957,-90.44613065,150.3306885
SC14 10 1 08,Naesiotus,wolfi,Naesiotus wolfi,-0.691813957,-90.44613065,150.3306885
SC14 10 1 09,Naesiotus,wolfi,Naesiotus wolfi,-0.691813957,-90.44613065,150.3306885
SC14 10 1 10,Naesiotus,wolfi,Naesiotus wolfi,-0.691813957,-90.44613065,150.3306885
SC14 10 1 11,Naesiotus,wolfi,Naesiotus wolfi,-0.691813957,-90.44613065,150.3306885
SC14 10 1 12,Naesiotus,wolfi,Naesiotus wolfi,-0.691813957,-90.44613065,150.3306885
SC14 10 1 13,Naesiotus,wolfi,Naesiotus wolfi,-0.691813957,-90.44613065,150.3306885
SC14 10 1 14,Naesiotus,wolfi,Naesiotus wolfi,-0.691813957,-90.44613065,150.3306885
SC14 10 1 15,Naesiotus,wolfi,Naesiotus wolfi,-0.691813957,-90.44613065,150.3306885
SC14 10 1 16,Naesiotus,wolfi,Naesiotus wolfi,-0.691813957,-90.44613065,150.3306885
SC14 10 1 17,Naesiotus,wolfi,Naesiotus wolfi,-0.691813957,-90.44613065,150.3306885
SC14 10 1 18,Naesiotus,wolfi,Naesiotus wolfi,-0.691813957,-90.44613065,150.3306885
SC14 10 1 19,Naesiotus,wolfi,Naesiotus wolfi,-0.691813957,-90.44613065,150.3306885
SC14 10 1 20,Naesiotus,wolfi,Naesiotus wolfi,-0.691813957,-90.44613065,150.3306885
SC15-c-01-2-1,Naesiotus,akamatus,Naesiotus akamatus,-0.690075466,-90.44578481,144.0822754
SC15-c-01-2-2,Naesiotus,akamatus,Naesiotus akamatus,-0.690075466,-90.44578481,144.0822754
SC15-c-01-2-3,Naesiotus,akamatus,Naesiotus akamatus,-0.690075466,-90.44578481,144.0822754
SC15-c-01-2-4,Naesiotus,akamatus,Naesiotus akamatus,-0.690075466,-90.44578481,144.0822754
SC15-c-01-2-5,Naesiotus,akamatus,Naesiotus akamatus,-0.690075466,-90.44578481,144.0822754
SC15-c-01-2-6,Naesiotus,akamatus,Naesiotus akamatus,-0.690075466,-90.44578481,144.0822754
SC15-c-01-2-7,Naesiotus,akamatus,Naesiotus akamatus,-0.690075466,-90.44578481,144.0822754
SC15-c-01-2-8,Naesiotus,akamatus,Naesiotus akamatus,-0.690075466,-90.44578481,144.0822754
SC15-c-01-2-9,Naesiotus,akamatus,Naesiotus akamatus,-0.690075466,-90.44578481,144.0822754
SC15-C-01-2-10,Naesiotus,akamatus,Naesiotus akamatus,-0.690075466,-90.44578481,144.0822754
SC15-C-01-2-11,Naesiotus,akamatus,Naesiotus akamatus,-0.690075466,-90.44578481,144.0822754
SC15-C-01-2-12,Naesiotus,akamatus,Naesiotus akamatus,-0.690075466,-90.44578481,144.0822754
SC15-C-01-2-13,Naesiotus,akamatus,Naesiotus akamatus,-0.690075466,-90.44578481,144.0822754
SC15-C-01-2-14,Naesiotus,akamatus,Naesiotus akamatus,-0.690075466,-90.44578481,144.0822754
SC15-C-01-2-15,Naesiotus,akamatus,Naesiotus akamatus,-0.690075466,-90.44578481,144.0822754
SC15-C-01-2-16,Naesiotus,akamatus,Naesiotus akamatus,-0.690075466,-90.44578481,144.0822754
SC15-C-01-2-17,Naesiotus,akamatus,Naesiotus akamatus,-0.690075466,-90.44578481,144.0822754
SC15-C-01-2-18,Naesiotus,akamatus,Naesiotus akamatus,-0.690075466,-90.44578481,144.0822754
SC15-c-01-3-1,Naesiotus,hirsutus,Naesiotus hirsutus,-0.690075466,-90.44578481,144.0822754
SC15-c-01-3-2,Naesiotus,hirsutus,Naesiotus hirsutus,-0.690075466,-90.44578481,144.0822754
SC15-c-01-3-3,Naesiotus,hirsutus,Naesiotus hirsutus,-0.690075466,-90.44578481,144.0822754
SC15-c-01-3-4,Naesiotus,hirsutus,Naesiotus hirsutus,-0.690075466,-90.44578481,144.0822754
SC15-c-01-3-5,Naesiotus,hirsutus,Naesiotus hirsutus,-0.690075466,-90.44578481,144.0822754
SC15-c-01-3-6,Naesiotus,hirsutus,Naesiotus hirsutus,-0.690075466,-90.44578481,144.0822754
SC15-c-01-3-7,Naesiotus,hirsutus,Naesiotus hirsutus,-0.690075466,-90.44578481,144.0822754
SC15-c-01-3-8,Naesiotus,hirsutus,Naesiotus hirsutus,-0.690075466,-90.44578481,144.0822754
SC15-c-01-3-9,Naesiotus,hirsutus,Naesiotus hirsutus,-0.690075466,-90.44578481,144.0822754
SC15-c-01-1-1,Naesiotus,wolfi,Naesiotus wolfi,-0.690075466,-90.44578481,144.0822754
SC15-c-01-1-2,Naesiotus,wolfi,Naesiotus wolfi,-0.690075466,-90.44578481,144.0822754
SC15-c-01-1-3,Naesiotus,wolfi,Naesiotus wolfi,-0.690075466,-90.44578481,144.0822754
SC15-c-01-1-4,Naesiotus,wolfi,Naesiotus wolfi,-0.690075466,-90.44578481,144.0822754
SC15-c-01-1-5,Naesiotus,wolfi,Naesiotus wolfi,-0.690075466,-90.44578481,144.0822754
SC15-c-01-1-6,Naesiotus,wolfi,Naesiotus wolfi,-0.690075466,-90.44578481,144.0822754
SC15-c-01-1-7,Naesiotus,wolfi,Naesiotus wolfi,-0.690075466,-90.44578481,144.0822754
SC15-c-01-1-8,Naesiotus,wolfi,Naesiotus wolfi,-0.690075466,-90.44578481,144.0822754
SC15-c-01-1-9,Naesiotus,wolfi,Naesiotus wolfi,-0.690075466,-90.44578481,144.0822754
SC15-C-01-1-9,Naesiotus,wolfi,Naesiotus wolfi,-0.690075466,-90.44578481,144.0822754
SC15-C-01-1-10,Naesiotus,wolfi,Naesiotus wolfi,-0.690075466,-90.44578481,144.0822754
SC15-C-01-1-11,Naesiotus,wolfi,Naesiotus wolfi,-0.690075466,-90.44578481,144.0822754
SC15-C-01-1-12,Naesiotus,wolfi,Naesiotus wolfi,-0.690075466,-90.44578481,144.0822754
SC15-C-01-1-13,Naesiotus,wolfi,Naesiotus wolfi,-0.690075466,-90.44578481,144.0822754
SC15-C-01-1-14,Naesiotus,wolfi,Naesiotus wolfi,-0.690075466,-90.44578481,144.0822754
SC15-C-01-1-15,Naesiotus,wolfi,Naesiotus wolfi,-0.690075466,-90.44578481,144.0822754
SC15-C-01-1-16,Naesiotus,wolfi,Naesiotus wolfi,-0.690075466,-90.44578481,144.0822754
SC15-C-01-1-17,Naesiotus,wolfi,Naesiotus wolfi,-0.690075466,-90.44578481,144.0822754
SC15-C-01-1-18,Naesiotus,wolfi,Naesiotus wolfi,-0.690075466,-90.44578481,144.0822754
SC18-46,Naesiotus,ochsneri,Naesiotus ochsneri,-0.618727785,-90.44570058,369.5096436
SC18-46 N=34,Naesiotus,ochsneri,Naesiotus ochsneri,-0.6187333,-90.4457,370
SC18-46 N=33,Naesiotus,ochsneri,Naesiotus ochsneri,-0.6187333,-90.4457,370
SC02-012,Naesiotus,steadmani,Naesiotus steadmani,-0.63275,-90.43555,
SC 00 03,Naesiotus,alethorhytidus,Naesiotus alethorhytidus,-0.669,-90.43233,245
SC 00 03tunnel,Naesiotus,alethorhytidus,Naesiotus alethorhytidus,-0.669,-90.43233,245
SC 00 03 tunnel,Naesiotus,ochsneri,Naesiotus ochsneri,-0.669,-90.43233,245
SC 00 03 tunnel,Naesiotus,ochsneri,Naesiotus ochsneri,-0.669,-90.43233,245
SC 14 cueva primicia,Naesiotus,ochsneri,Naesiotus ochsneri,-0.669,-90.43233,245
SC 00 04 cav. 01,Naesiotus,cavagnaroi,Naesiotus cavagnaroi,-0.668698,-90.431738,
SC 00 04 02,Naesiotus,cavagnaroi,Naesiotus cavagnaroi,-0.668698,-90.431738,
SC 00 04 03,Naesiotus,cavagnaroi,Naesiotus cavagnaroi,-0.668698,-90.431738,
SC 00 04 04,Naesiotus,cavagnaroi,Naesiotus cavagnaroi,-0.668698,-90.431738,
SC 00 04 05,Naesiotus,cavagnaroi,Naesiotus cavagnaroi,-0.668698,-90.431738,
SC 00 04 06,Naesiotus,cavagnaroi,Naesiotus cavagnaroi,-0.668698,-90.431738,
SC 00 04 07,Naesiotus,cavagnaroi,Naesiotus cavagnaroi,-0.668698,-90.431738,
SC 00 04 08,Naesiotus,cavagnaroi,Naesiotus cavagnaroi,-0.668698,-90.431738,
SC 00 04 09,Naesiotus,cavagnaroi,Naesiotus cavagnaroi,-0.668698,-90.431738,
SC 00 04 10,Naesiotus,cavagnaroi,Naesiotus cavagnaroi,-0.668698,-90.431738,
SC 00 04 11,Naesiotus,cavagnaroi,Naesiotus cavagnaroi,-0.668698,-90.431738,
SC 00 04 12,Naesiotus,cavagnaroi,Naesiotus cavagnaroi,-0.668698,-90.431738,
SC 00 04 13,Naesiotus,cavagnaroi,Naesiotus cavagnaroi,-0.668698,-90.431738,
SC 00 04 14,Naesiotus,cavagnaroi,Naesiotus cavagnaroi,-0.668698,-90.431738,
SC 15 La Caseta,Naesiotus,eos,Naesiotus eos,-0.7102,-90.4275333,87
SC 15 La Caseta,Naesiotus,ochsneri,Naesiotus ochsneri,-0.7102,-90.4275333,87
SC 15 La Caseta,Naesiotus,wolfi,Naesiotus wolfi,-0.7102,-90.4275333,87
SC18-32,Naesiotus,cf. ochsneri,Naesiotus cf. ochsneri,-0.727120629,-90.42506911,54.92053223
SC18-32 N=67,Naesiotus,ochsneri,Naesiotus ochsneri,-0.727120629,-90.42506911,54.92053223
SC18-32,Naesiotus,reibischii,Naesiotus reibischii,-0.727120629,-90.42506911,54.92053223
SC18-32,Naesiotus,saeronius,Naesiotus saeronius,-0.727120629,-90.42506911,54.92053223
SC 15 rat gemelos midden,Naesiotus,cavagnaroi,Naesiotus cavagnaroi,-0.630811,-90.394693,
SC 15 rat gemelos midden,Naesiotus,ochsneri,Naesiotus ochsneri,-0.630811,-90.394693,
SC GEMELOS,Naesiotus,cavagnaroi,Naesiotus cavagnaroi,-0.624530995,-90.38421596,638
SC GEMELOS,Naesiotus,jervisensis ,Naesiotus jervisensis ,-0.624530995,-90.38421596,638
SC GEMELOS,Naesiotus,wolfi,Naesiotus wolfi,-0.624530995,-90.38421596,638
SC 00 04 gemelos,Naesiotus,alethorhytidus,Naesiotus alethorhytidus,-0.6245333,-90.38417,638
SC 00 05,Naesiotus,alethorhytidus,Naesiotus alethorhytidus,-0.6245333,-90.38417,638
SC 00 04 gemelos,Naesiotus,cavagnaroi,Naesiotus cavagnaroi,-0.6245333,-90.38417,638
SC 00 04 gemelos,Naesiotus,ochsneri,Naesiotus ochsneri,-0.6245333,-90.38417,638
SC 00 05,Naesiotus,ochsneri,Naesiotus ochsneri,-0.6245333,-90.38417,638
SC 01 02,Naesiotus,cavagnaroi,Naesiotus cavagnaroi,-0.62444444,-90.38416667,634
SC 01 02,Naesiotus,eos,Naesiotus eos,-0.62444444,-90.38416667,634
SC 01 02,Naesiotus,jervisensis ,Naesiotus jervisensis ,-0.62444444,-90.38416667,634
SC18-38,Naesiotus,ochsneri,Naesiotus ochsneri,-0.743399458,-90.38336369,70.54187012
SC18-39,Naesiotus,n.sp.SC-2,Naesiotus n.sp.SC-2,-0.744514251,-90.38302448,59.00610352
SC18-39,Naesiotus,ochsneri,Naesiotus ochsneri,-0.744514251,-90.38302448,59.00610352
SC18-39,Naesiotus,reibischii,Naesiotus reibischii,-0.744514251,-90.38302448,59.00610352
SC18-37,Naesiotus,ochsneri,Naesiotus ochsneri,-0.74564958,-90.38280906,19.35217285
SC18-43,Naesiotus,ochsneri,Naesiotus ochsneri,-0.74652683,-90.38149285,78.71313477
SC18-44 Top N=35,Naesiotus,wolfi,Naesiotus wolfi,-0.739356028,-90.38097401,61.64990234
SC18-44 slope N=49,Naesiotus,wolfi,Naesiotus wolfi,-0.739356028,-90.38097401,61.64990234
SC15-13,Naesiotus,cf. ochsneri,Naesiotus cf. ochsneri,-0.7391,-90.38095,59
SC15-02,Naesiotus,cavagnaroi,Naesiotus cavagnaroi,-0.6221,-90.3808167,603
SC15-02,Naesiotus,lycodus,Naesiotus lycodus,-0.6221,-90.3808167,603
SC15-02,Naesiotus,ochsneri,Naesiotus ochsneri,-0.6221,-90.3808167,603
SC18-42 N=24,Naesiotus,kublerensis,Naesiotus kublerensis,-0.75068308,-90.37971111,31.12817383
SC18-42 N=24,Naesiotus,wolfi,Naesiotus wolfi,-0.75068308,-90.37971111,31.12817383
SC 01 03,Naesiotus,cavagnaroi,Naesiotus cavagnaroi,-0.62055556,-90.37888889,550
SC 01 03,Naesiotus,wolfi,Naesiotus wolfi,-0.62055556,-90.37888889,550
SC18-41 N=1,Naesiotus,n.sp.SC-2,Naesiotus n.sp.SC-2,-0.7515833,-90.37542,31
SC15-12,Naesiotus,cf. ochsneri,Naesiotus cf. ochsneri,-0.7252,-90.3740833,114
SC18-40,Naesiotus,ochsneri,Naesiotus ochsneri,-0.75507964,-90.37291506,37.8572998
SC18-40,Naesiotus,reibischii,Naesiotus reibischii,-0.75507964,-90.37291506,37.8572998
SC18-35,Naesiotus,ochsneri,Naesiotus ochsneri,-0.760764163,-90.37222163,27.7635498
SC18-36 N=26,Naesiotus,ochsneri,Naesiotus ochsneri,-0.759148216,-90.37204888,34.49279785
SC02-02 1,Naesiotus,akamatus,Naesiotus akamatus,-0.681935465,-90.37193103,
SC02-02 2,Naesiotus,akamatus,Naesiotus akamatus,-0.681935465,-90.37193103,
SC02-02 3,Naesiotus,akamatus,Naesiotus akamatus,-0.681935465,-90.37193103,
SC02-02 4,Naesiotus,akamatus,Naesiotus akamatus,-0.681935465,-90.37193103,
SC02-02 5,Naesiotus,akamatus,Naesiotus akamatus,-0.681935465,-90.37193103,
SC02-02 6,Naesiotus,akamatus,Naesiotus akamatus,-0.681935465,-90.37193103,
SC02-02 7,Naesiotus,akamatus,Naesiotus akamatus,-0.681935465,-90.37193103,
SC02-02 8,Naesiotus,akamatus,Naesiotus akamatus,-0.681935465,-90.37193103,
SC02-02 9,Naesiotus,akamatus,Naesiotus akamatus,-0.681935465,-90.37193103,
SC02-02 10,Naesiotus,akamatus,Naesiotus akamatus,-0.681935465,-90.37193103,
SC02-02 11,Naesiotus,akamatus,Naesiotus akamatus,-0.681935465,-90.37193103,
SC02-02 12,Naesiotus,akamatus,Naesiotus akamatus,-0.681935465,-90.37193103,
SC02-02 13,Naesiotus,akamatus,Naesiotus akamatus,-0.681935465,-90.37193103,
SC02-02 14,Naesiotus,akamatus,Naesiotus akamatus,-0.681935465,-90.37193103,
SC02-02 15,Naesiotus,akamatus,Naesiotus akamatus,-0.681935465,-90.37193103,
SC02-02 16,Naesiotus,akamatus,Naesiotus akamatus,-0.681935465,-90.37193103,
SC02-02 17,Naesiotus,akamatus,Naesiotus akamatus,-0.681935465,-90.37193103,
SC02-02 18,Naesiotus,akamatus,Naesiotus akamatus,-0.681935465,-90.37193103,
SC02-02 19,Naesiotus,akamatus,Naesiotus akamatus,-0.681935465,-90.37193103,
SC02-02 20,Naesiotus,akamatus,Naesiotus akamatus,-0.681935465,-90.37193103,
SC02-02,Naesiotus,steadmani,Naesiotus steadmani,-0.681935465,-90.37193103,
SC 02 02,Naesiotus,n.sp.SC-2,Naesiotus n.sp.SC-2,-0.6819333,-90.37193,
SC 02 02,Naesiotus,wolfi,Naesiotus wolfi,-0.6819333,-90.37193,
SC19-07,Naesiotus,ochsneri,Naesiotus ochsneri,-0.722272033,-90.36957697,101.722458
SC19-07,Naesiotus,saeronius,Naesiotus saeronius,-0.722272033,-90.36957697,101.722458
SC 01 G Rojo 1,Naesiotus,cavagnaroi,Naesiotus cavagnaroi,-0.6236667,-90.36787,689
SC 01 G Rojo 1,Naesiotus,wolfi,Naesiotus wolfi,-0.6236667,-90.36787,689
SC 01 G Rojo,Naesiotus,kublerensis,Naesiotus kublerensis,-0.623683333,-90.36784904,689.2
SC 01 G Rojo,Naesiotus,ochsneri,Naesiotus ochsneri,-0.623683333,-90.36784904,689.2
SC 01 G Rojo adserseni,Naesiotus,reibischii,Naesiotus reibischii,-0.623683333,-90.36784904,689.2
SC 01 G Rojo,Naesiotus,wolfi,Naesiotus wolfi,-0.623683333,-90.36784904,689.2
SC01 G. Rojo 2 01,Naesiotus,cavagnaroi,Naesiotus cavagnaroi,-0.6169667,-90.36665,690
SC01 G. Rojo 2 02,Naesiotus,cavagnaroi,Naesiotus cavagnaroi,-0.6169667,-90.36665,690
SC01 G. Rojo 2 03,Naesiotus,cavagnaroi,Naesiotus cavagnaroi,-0.6169667,-90.36665,690
SC01 G. Rojo 2 04,Naesiotus,cavagnaroi,Naesiotus cavagnaroi,-0.6169667,-90.36665,690
SC 01 G Rojo 1,Naesiotus,jervisensis ,Naesiotus jervisensis ,-0.6169667,-90.36665,690
SC 01 G Rojo 2,Naesiotus,ochsneri,Naesiotus ochsneri,-0.6169667,-90.36665,690
SC 01 G Rojo 2,Naesiotus,olla,Naesiotus olla,-0.6169667,-90.36665,690
SC 01 G Rojo 2,Naesiotus,wolfi,Naesiotus wolfi,-0.6169667,-90.36665,690
SC15-16,Naesiotus,cavagnaroi,Naesiotus cavagnaroi,-0.6231333,-90.3665667,644
SC15-16,Naesiotus,lycodus,Naesiotus lycodus,-0.6231333,-90.3665667,644
SC15-16,Naesiotus,ochsneri,Naesiotus ochsneri,-0.6231333,-90.3665667,644
SC19-06,Naesiotus,saeronius,Naesiotus saeronius,-0.720102964,-90.36536498,105.338966
SC GR 01,Naesiotus,lycodus,Naesiotus lycodus,-0.6157667,-90.36533,276
SC GR01,Naesiotus,ochsneri,Naesiotus ochsneri,-0.6157667,-90.36533,
SC GR01,Naesiotus,olla,Naesiotus olla,-0.6157667,-90.36533,
SC18-20,Naesiotus,tanneri,Naesiotus tanneri,-0.58683984,-90.36392371,325.7700195
SC15-11,Naesiotus,eos,Naesiotus eos,-0.71585,-90.3617667,115
SC15-11,Naesiotus,lycodus,Naesiotus lycodus,-0.71585,-90.3617667,115
SC15-11,Naesiotus,ochsneri,Naesiotus ochsneri,-0.71585,-90.3617667,115
SC15 15 01 01,Naesiotus,hirsutus,Naesiotus hirsutus,-0.5726167,-90.33812,276
SC15 15 01 02,Naesiotus,hirsutus,Naesiotus hirsutus,-0.5726167,-90.33812,276
SC15 15 01 03,Naesiotus,hirsutus,Naesiotus hirsutus,-0.5726167,-90.33812,276
SC15 15 01 04,Naesiotus,hirsutus,Naesiotus hirsutus,-0.5726167,-90.33812,276
SC15 15 01 05,Naesiotus,hirsutus,Naesiotus hirsutus,-0.5726167,-90.33812,276
SC15 15 01 06,Naesiotus,hirsutus,Naesiotus hirsutus,-0.5726167,-90.33812,276
SC15 15 01 07,Naesiotus,hirsutus,Naesiotus hirsutus,-0.5726167,-90.33812,276
SC15 15 01 08,Naesiotus,hirsutus,Naesiotus hirsutus,-0.5726167,-90.33812,276
SC15 15 01 09,Naesiotus,hirsutus,Naesiotus hirsutus,-0.5726167,-90.33812,276
SC15 15 01 10,Naesiotus,hirsutus,Naesiotus hirsutus,-0.5726167,-90.33812,276
SC15 15 01 11,Naesiotus,hirsutus,Naesiotus hirsutus,-0.5726167,-90.33812,276
SC15 15 01 12,Naesiotus,hirsutus,Naesiotus hirsutus,-0.5726167,-90.33812,276
SC15 15 01 13,Naesiotus,hirsutus,Naesiotus hirsutus,-0.5726167,-90.33812,276
SC15 15 01 14,Naesiotus,hirsutus,Naesiotus hirsutus,-0.5726167,-90.33812,276
SC15 15 01 15,Naesiotus,hirsutus,Naesiotus hirsutus,-0.5726167,-90.33812,276
SC15 15 01 16,Naesiotus,hirsutus,Naesiotus hirsutus,-0.5726167,-90.33812,276
SC15 15 01 17,Naesiotus,hirsutus,Naesiotus hirsutus,-0.5726167,-90.33812,276
SC15 15 01 18,Naesiotus,hirsutus,Naesiotus hirsutus,-0.5726167,-90.33812,276
SC15 15 01 19,Naesiotus,hirsutus,Naesiotus hirsutus,-0.5726167,-90.33812,276
SC15 15 01 20,Naesiotus,hirsutus,Naesiotus hirsutus,-0.5726167,-90.33812,276
SC15-15 1-01,Naesiotus,reibischii,Naesiotus reibischii,-0.5726167,-90.33812,276
SC15-15 1-02,Naesiotus,reibischii,Naesiotus reibischii,-0.5726167,-90.33812,276
SC15-15 1-03,Naesiotus,reibischii,Naesiotus reibischii,-0.5726167,-90.33812,276
SC15-15 1-04,Naesiotus,reibischii,Naesiotus reibischii,-0.5726167,-90.33812,276
SC15-15 1-05,Naesiotus,reibischii,Naesiotus reibischii,-0.5726167,-90.33812,276
SC15-15 1-06,Naesiotus,reibischii,Naesiotus reibischii,-0.5726167,-90.33812,276
SC15-15 1-07,Naesiotus,reibischii,Naesiotus reibischii,-0.5726167,-90.33812,276
SC15-15 1-08,Naesiotus,reibischii,Naesiotus reibischii,-0.5726167,-90.33812,276
SC15-15 1-09,Naesiotus,reibischii,Naesiotus reibischii,-0.5726167,-90.33812,276
SC15-15 1-10,Naesiotus,reibischii,Naesiotus reibischii,-0.5726167,-90.33812,276
SC15-15 1-11,Naesiotus,reibischii,Naesiotus reibischii,-0.5726167,-90.33812,276
SC15-15 1-12,Naesiotus,reibischii,Naesiotus reibischii,-0.5726167,-90.33812,276
SC15-15 1-13,Naesiotus,reibischii,Naesiotus reibischii,-0.5726167,-90.33812,276
SC15-15 1-14,Naesiotus,reibischii,Naesiotus reibischii,-0.5726167,-90.33812,276
SC15-15 1-15,Naesiotus,reibischii,Naesiotus reibischii,-0.5726167,-90.33812,276
SC15-15 1-16,Naesiotus,reibischii,Naesiotus reibischii,-0.5726167,-90.33812,276
SC15-15 1-17,Naesiotus,reibischii,Naesiotus reibischii,-0.5726167,-90.33812,276
SC15-15 1-18,Naesiotus,reibischii,Naesiotus reibischii,-0.5726167,-90.33812,276
SC15-15 1-19,Naesiotus,reibischii,Naesiotus reibischii,-0.5726167,-90.33812,276
SC15-15 1-20,Naesiotus,reibischii,Naesiotus reibischii,-0.5726167,-90.33812,276
SC15 15 01,Naesiotus,wolfi,Naesiotus wolfi,-0.5726167,-90.33812,276
SC15 15 02,Naesiotus,wolfi,Naesiotus wolfi,-0.5726167,-90.33812,276
SC15 15 03,Naesiotus,wolfi,Naesiotus wolfi,-0.5726167,-90.33812,276
SC15 15 04,Naesiotus,wolfi,Naesiotus wolfi,-0.5726167,-90.33812,276
SC15 15 05,Naesiotus,wolfi,Naesiotus wolfi,-0.5726167,-90.33812,276
SC15 15 06,Naesiotus,wolfi,Naesiotus wolfi,-0.5726167,-90.33812,276
SC15 15 07,Naesiotus,wolfi,Naesiotus wolfi,-0.5726167,-90.33812,276
SC15 15 08,Naesiotus,wolfi,Naesiotus wolfi,-0.5726167,-90.33812,276
SC15 15 09,Naesiotus,wolfi,Naesiotus wolfi,-0.5726167,-90.33812,276
SC15 15 10,Naesiotus,wolfi,Naesiotus wolfi,-0.5726167,-90.33812,276
SC15 15 11,Naesiotus,wolfi,Naesiotus wolfi,-0.5726167,-90.33812,276
SC15 15 12,Naesiotus,wolfi,Naesiotus wolfi,-0.5726167,-90.33812,276
SC15 15 13,Naesiotus,wolfi,Naesiotus wolfi,-0.5726167,-90.33812,276
SC15 15 14,Naesiotus,wolfi,Naesiotus wolfi,-0.5726167,-90.33812,276
SC15 15 15,Naesiotus,wolfi,Naesiotus wolfi,-0.5726167,-90.33812,276
SC15 15 16,Naesiotus,wolfi,Naesiotus wolfi,-0.5726167,-90.33812,276
SC15 15 17,Naesiotus,wolfi,Naesiotus wolfi,-0.5726167,-90.33812,276
SC15 15 18,Naesiotus,wolfi,Naesiotus wolfi,-0.5726167,-90.33812,276
SC15 15 19,Naesiotus,wolfi,Naesiotus wolfi,-0.5726167,-90.33812,276
SC15-GROJO,Naesiotus,cavagnaroi,Naesiotus cavagnaroi,-0.572611,-90.338114,276
SC15- 15 N slope,Naesiotus,hirsutus,Naesiotus hirsutus,-0.572611,-90.338114,276
SC15-GROJO,Naesiotus,lycodus,Naesiotus lycodus,-0.572611,-90.338114,276
SC15-01 adserseni,Naesiotus,reibischii,Naesiotus reibischii,-0.572611,-90.338114,276
SC15-15 aderseni,Naesiotus,reibischii,Naesiotus reibischii,-0.572611,-90.338114,276
SC15- 15 N slope,Naesiotus,reibischii,Naesiotus reibischii,-0.572611,-90.338114,276
SC15-GROJO,Naesiotus,saeronius,Naesiotus saeronius,-0.572611,-90.338114,276
SC15-01,Naesiotus,tanneri,Naesiotus tanneri,-0.572611,-90.338114,276
SC N KM 30 adserseni,Naesiotus,n.sp. Yannickus,Naesiotus n.sp. Yannickus,-0.567734,-90.33801,257
SC N KM 30 adserseni,Naesiotus,reibischii,Naesiotus reibischii,-0.567734,-90.33801,257
SC N KM 30 adserseni,Naesiotus,reibischii,Naesiotus reibischii,-0.567734,-90.33801,257
SC N KM 30,Naesiotus,tanneri,Naesiotus tanneri,-0.567734,-90.33801,257
SC 14 03,Naesiotus,hirsutus,Naesiotus hirsutus,-0.731949946,-90.32863523,79.67443848
SC 14 03,Naesiotus,wolfi,Naesiotus wolfi,-0.731949946,-90.32863523,79.67443848
SC14 03-01,Naesiotus,wolfi,Naesiotus wolfi,-0.731949946,-90.32863523,79.67443848
SC14 03-02,Naesiotus,wolfi,Naesiotus wolfi,-0.731949946,-90.32863523,79.67443848
SC14 03-04,Naesiotus,wolfi,Naesiotus wolfi,-0.731949946,-90.32863523,79.67443848
SC14 03-05,Naesiotus,wolfi,Naesiotus wolfi,-0.731949946,-90.32863523,79.67443848
SC14 03-06,Naesiotus,wolfi,Naesiotus wolfi,-0.731949946,-90.32863523,79.67443848
SC14 03-07,Naesiotus,wolfi,Naesiotus wolfi,-0.731949946,-90.32863523,79.67443848
SC14 03-08,Naesiotus,wolfi,Naesiotus wolfi,-0.731949946,-90.32863523,79.67443848
SC14 03-09,Naesiotus,wolfi,Naesiotus wolfi,-0.731949946,-90.32863523,79.67443848
SC14 03-10,Naesiotus,wolfi,Naesiotus wolfi,-0.731949946,-90.32863523,79.67443848
SC14 03-11,Naesiotus,wolfi,Naesiotus wolfi,-0.731949946,-90.32863523,79.67443848
SC14 03-12,Naesiotus,wolfi,Naesiotus wolfi,-0.731949946,-90.32863523,79.67443848
SC14 03-13,Naesiotus,wolfi,Naesiotus wolfi,-0.731949946,-90.32863523,79.67443848
SC14 03-14,Naesiotus,wolfi,Naesiotus wolfi,-0.731949946,-90.32863523,79.67443848
SC14 03-15,Naesiotus,wolfi,Naesiotus wolfi,-0.731949946,-90.32863523,79.67443848
SC14 03-20,Naesiotus,wolfi,Naesiotus wolfi,-0.731949946,-90.32863523,79.67443848
SC14 03 18 xray,Naesiotus,cf. ochsneri,Naesiotus cf. ochsneri,-0.73195,-90.32863,80
SC14 03 19 xray,Naesiotus,ochsneri,Naesiotus ochsneri,-0.73195,-90.32863,80
SC14 03 17 xray,Naesiotus,ochsneri,Naesiotus ochsneri,-0.73195,-90.32863,80
SC14 03 16 xray,Naesiotus,ochsneri,Naesiotus ochsneri,-0.73195,-90.32863,80
SC14 03 13 xray,Naesiotus,wolfi,Naesiotus wolfi,-0.73195,-90.32863,80
SC 01 01,Naesiotus,kublerensis,Naesiotus kublerensis,-0.68472222,-90.32861111,91
SC 01 01,Naesiotus,n.sp.SC-1,Naesiotus n.sp.SC-1,-0.68472222,-90.32861111,91
SC 01 01,Naesiotus,wolfi,Naesiotus wolfi,-0.68472222,-90.32861111,91
SC 00 9,Naesiotus,wolfi,Naesiotus wolfi,-0.731985737,-90.32854898,96
SC 01 10,Naesiotus,jervisensis ,Naesiotus jervisensis ,-0.7279333,-90.32798,102
SC 01 10,Naesiotus,n.sp.SC-1,Naesiotus n.sp.SC-1,-0.7279333,-90.32798,102
SC 01 10,Naesiotus,wolfi,Naesiotus wolfi,-0.7279333,-90.32798,102
SC 01 11,Naesiotus,n.sp.SC-2,Naesiotus n.sp.SC-2,-0.7213667,-90.32652,107
SC 01 11,Naesiotus,steadmani,Naesiotus steadmani,-0.7213667,-90.32652,107
SC 01 11,Naesiotus,wolfi,Naesiotus wolfi,-0.7213667,-90.32652,107
SC 01 CROCKER,Naesiotus,cavagnaroi,Naesiotus cavagnaroi,-0.642501796,-90.32588303,884
SC 01 CROCKER,Naesiotus,eos,Naesiotus eos,-0.642501796,-90.32588303,884
SC 01 CROCKER,Naesiotus,ochsneri,Naesiotus ochsneri,-0.642501796,-90.32588303,884
SC 01 CROCKER,Naesiotus,saeronius,Naesiotus saeronius,-0.642501796,-90.32588303,884
1/2 SC00-6,Naesiotus,adelphus,Naesiotus adelphus,-0.746475,-90.319706,26
2/2 SC00-6,Naesiotus,n.sp.SC-1,Naesiotus n.sp.SC-1,-0.746475,-90.319706,26
EL BARRANCO 14.XI.00,Naesiotus,reibischii,Naesiotus reibischii,-0.746475,-90.319706,26
EL BARRANCO 14.XI.00,Naesiotus,wolfi,Naesiotus wolfi,-0.746475,-90.319706,26
SC 15 26 Behind Tomas de Berlanga,Naesiotus,ochsneri,Naesiotus ochsneri,-0.710277,-90.319088,
SC 15 26 Behind Tomas de Berlanga,Naesiotus,wolfi,Naesiotus wolfi,-0.710277,-90.319088,
SC 15 Urban Snail,Naesiotus,reibischii,Naesiotus reibischii,-0.7326333,-90.3127333,24
SC 15 Urban Snail,Naesiotus,wolfi,Naesiotus wolfi,-0.7326333,-90.3127333,24
SC path going to PNG,Naesiotus,n.sp.SC-2,Naesiotus n.sp.SC-2,-0.741929,-90.308661,
SC path going to PNG,Naesiotus,wolfi,Naesiotus wolfi,-0.741929,-90.308661,
SC Barranco,Naesiotus,adelphus,Naesiotus adelphus,-0.7378,-90.301397,26
SC Barranco,Naesiotus,reibischii,Naesiotus reibischii,-0.7378,-90.301397,26
SC18-17 N=34,Naesiotus,ochsneri,Naesiotus ochsneri,-0.637391517,-90.29662759,475.0135498
SC18-17 N=34,Naesiotus,saeronius,Naesiotus saeronius,-0.637391517,-90.29662759,475.0135498
SC18-16 N=5,Naesiotus,cavagnaroi,Naesiotus cavagnaroi,-0.6379167,-90.2961,461
SC18-16 N=5,Naesiotus,saeronius,Naesiotus saeronius,-0.6379167,-90.2961,461
SC 14 cueva bella vista 1,Naesiotus,alethorhytidus,Naesiotus alethorhytidus,-0.6669667,-90.2702,
SC 14 cueva 1 bella vista,Naesiotus,ochsneri,Naesiotus ochsneri,-0.6669667,-90.2702,
SC 03 cueva 1,Naesiotus,olla,Naesiotus olla,-0.6669667,-90.2702,
SC 14 cueva 1 bella vista,Naesiotus,saeronius,Naesiotus saeronius,-0.6669667,-90.2702,
SC 14 cueva bella vista 2,Naesiotus,alethorhytidus,Naesiotus alethorhytidus,-0.6681167,-90.26825,
SC 14 cueva bella vista 2,Naesiotus,lycodus,Naesiotus lycodus,-0.6681167,-90.26825,
SC 14 cueva bella vista 2,Naesiotus,ochsneri,Naesiotus ochsneri,-0.6681167,-90.26825,
SC 14 cueva cascajo,Naesiotus,akamatus,Naesiotus akamatus,-0.6639,-90.26247,260
SC 14 cueva cascajo,Naesiotus,lycodus,Naesiotus lycodus,-0.6639,-90.26247,260
SC 14 cueva cascajo,Naesiotus,n.sp. Yannickus,Naesiotus n.sp. Yannickus,-0.6639,-90.26247,260
SC 03 21,Naesiotus,n.sp.SC-2,Naesiotus n.sp.SC-2,-0.65875,-90.2587667,
SC 03 21,Naesiotus,ochsneri,Naesiotus ochsneri,-0.65875,-90.2587667,
SC 03 22,Naesiotus,cf. ochsneri,Naesiotus cf. ochsneri,-0.65735,-90.2583,
SC 03 22,Naesiotus,n.sp.SC-2,Naesiotus n.sp.SC-2,-0.65735,-90.2583,
SCS05 231-1,Naesiotus,n.sp.SC-3,Naesiotus n.sp.SC-3,-0.656009316,-90.25757303,190.5
SCS05 231-2,Naesiotus,n.sp.SC-3,Naesiotus n.sp.SC-3,-0.656009316,-90.25757303,190.5
SCS05 231-3,Naesiotus,n.sp.SC-3,Naesiotus n.sp.SC-3,-0.656009316,-90.25757303,190.5
SCS05 231-4,Naesiotus,n.sp.SC-3,Naesiotus n.sp.SC-3,-0.656009316,-90.25757303,190.5
SCS05 231-5,Naesiotus,n.sp.SC-3,Naesiotus n.sp.SC-3,-0.656009316,-90.25757303,190.5
SCS05 231-6,Naesiotus,n.sp.SC-3,Naesiotus n.sp.SC-3,-0.656009316,-90.25757303,190.5
SCS05 231-7,Naesiotus,n.sp.SC-3,Naesiotus n.sp.SC-3,-0.656009316,-90.25757303,190.5
SCS05 231-8,Naesiotus,n.sp.SC-3,Naesiotus n.sp.SC-3,-0.656009316,-90.25757303,190.5
SCS05 231-9,Naesiotus,n.sp.SC-3,Naesiotus n.sp.SC-3,-0.656009316,-90.25757303,190.5
SCS05 231-10,Naesiotus,n.sp.SC-3,Naesiotus n.sp.SC-3,-0.656009316,-90.25757303,190.5
SCS05 231-11,Naesiotus,n.sp.SC-3,Naesiotus n.sp.SC-3,-0.656009316,-90.25757303,190.5
SCS05 231-12,Naesiotus,n.sp.SC-3,Naesiotus n.sp.SC-3,-0.656009316,-90.25757303,190.5
SCS05 231-13,Naesiotus,n.sp.SC-3,Naesiotus n.sp.SC-3,-0.656009316,-90.25757303,190.5
SCS05 231-14,Naesiotus,n.sp.SC-3,Naesiotus n.sp.SC-3,-0.656009316,-90.25757303,190.5
SCS05 231-15,Naesiotus,n.sp.SC-3,Naesiotus n.sp.SC-3,-0.656009316,-90.25757303,190.5
SCS05 231-16,Naesiotus,n.sp.SC-3,Naesiotus n.sp.SC-3,-0.656009316,-90.25757303,190.5
SCS05 231-17,Naesiotus,n.sp.SC-3,Naesiotus n.sp.SC-3,-0.656009316,-90.25757303,190.5
SCS05 231-18,Naesiotus,n.sp.SC-3,Naesiotus n.sp.SC-3,-0.656009316,-90.25757303,190.5
SCS05 231-19,Naesiotus,n.sp.SC-3,Naesiotus n.sp.SC-3,-0.656009316,-90.25757303,190.5
SCS05 231-20,Naesiotus,n.sp.SC-3,Naesiotus n.sp.SC-3,-0.656009316,-90.25757303,190.5
SCS05 231,Naesiotus,n.sp.SC-3,Naesiotus n.sp.SC-3,-0.656009316,-90.25757303,190.5
SCS05 231,Naesiotus,n.sp.SC-3,Naesiotus n.sp.SC-3,-0.656009316,-90.25757303,190.5
SC 03 23,Naesiotus,cf. ochsneri,Naesiotus cf. ochsneri,-0.6560167,-90.2575667,
SC 03 23,Naesiotus,n.sp.SC-2,Naesiotus n.sp.SC-2,-0.6560167,-90.2575667,
SC 14 08,Naesiotus,cf. ochsneri,Naesiotus cf. ochsneri,-0.660190461,-90.25714363,248.8651123
SC 14 08,Naesiotus,reibischii,Naesiotus reibischii,-0.660190461,-90.25714363,248.8651123
SC T13,Naesiotus,akamatus,Naesiotus akamatus,-0.660949862,-90.25514798,277
SC T13,Naesiotus,micro,Naesiotus micro,-0.660949862,-90.25514798,277
SC-T13,Naesiotus,reibischii,Naesiotus reibischii,-0.660949862,-90.25514798,277
SC 03 05,Naesiotus,hirsutus,Naesiotus hirsutus,-0.6602167,-90.25455,
SC 03 26,Naesiotus,n.sp.SC-2,Naesiotus n.sp.SC-2,-0.6531,-90.25455,
SC05 261-1,Naesiotus,n.sp.SC-2,Naesiotus n.sp.SC-2,-0.653096437,-90.25454197,155.858276
SC05 261-2,Naesiotus,n.sp.SC-2,Naesiotus n.sp.SC-2,-0.653096437,-90.25454197,155.858276
SC05 261-3,Naesiotus,n.sp.SC-2,Naesiotus n.sp.SC-2,-0.653096437,-90.25454197,155.858276
SC05 261-4,Naesiotus,n.sp.SC-2,Naesiotus n.sp.SC-2,-0.653096437,-90.25454197,155.858276
SC05 261-5,Naesiotus,n.sp.SC-2,Naesiotus n.sp.SC-2,-0.653096437,-90.25454197,155.858276
SC05 261-6,Naesiotus,n.sp.SC-2,Naesiotus n.sp.SC-2,-0.653096437,-90.25454197,155.858276
SC05 261-7,Naesiotus,n.sp.SC-2,Naesiotus n.sp.SC-2,-0.653096437,-90.25454197,155.858276
SC05 261-8,Naesiotus,n.sp.SC-2,Naesiotus n.sp.SC-2,-0.653096437,-90.25454197,155.858276
SC05 261-9,Naesiotus,n.sp.SC-2,Naesiotus n.sp.SC-2,-0.653096437,-90.25454197,155.858276
SC05 261-10,Naesiotus,n.sp.SC-2,Naesiotus n.sp.SC-2,-0.653096437,-90.25454197,155.858276
SC05 261-11,Naesiotus,n.sp.SC-2,Naesiotus n.sp.SC-2,-0.653096437,-90.25454197,155.858276
SC05 261-12,Naesiotus,n.sp.SC-2,Naesiotus n.sp.SC-2,-0.653096437,-90.25454197,155.858276
SC05 261-13,Naesiotus,n.sp.SC-2,Naesiotus n.sp.SC-2,-0.653096437,-90.25454197,155.858276
SC05 261-14,Naesiotus,n.sp.SC-2,Naesiotus n.sp.SC-2,-0.653096437,-90.25454197,155.858276
SC05 261-15,Naesiotus,n.sp.SC-2,Naesiotus n.sp.SC-2,-0.653096437,-90.25454197,155.858276
SC05 261-16,Naesiotus,n.sp.SC-2,Naesiotus n.sp.SC-2,-0.653096437,-90.25454197,155.858276
SC05 261-17,Naesiotus,n.sp.SC-2,Naesiotus n.sp.SC-2,-0.653096437,-90.25454197,155.858276
SC05 261-18,Naesiotus,n.sp.SC-2,Naesiotus n.sp.SC-2,-0.653096437,-90.25454197,155.858276
SC05 261-19,Naesiotus,n.sp.SC-2,Naesiotus n.sp.SC-2,-0.653096437,-90.25454197,155.858276
SC05 261-20,Naesiotus,n.sp.SC-2,Naesiotus n.sp.SC-2,-0.653096437,-90.25454197,155.858276
SC05 261,Naesiotus,n.sp.SC-2,Naesiotus n.sp.SC-2,-0.653096437,-90.25454197,155.858276
SC05 261,Naesiotus,n.sp.SC-2,Naesiotus n.sp.SC-2,-0.653096437,-90.25454197,155.858276
SC T15,Naesiotus,ochsneri,Naesiotus ochsneri,-0.657951236,-90.25266401,204
SC T15 reibischii,Naesiotus,reibischii,Naesiotus reibischii,-0.657951236,-90.25266401,204
SC 14 07,Naesiotus,cf. ochsneri,Naesiotus cf. ochsneri,-0.65834,-90.251601,
SC 01 08,Naesiotus,n.sp.SC-1,Naesiotus n.sp.SC-1,-0.67027778,-90.25111111,
SC 03 31,Naesiotus,akamatus,Naesiotus akamatus,-0.6473,-90.25055,
SC 03 31,Naesiotus,hirsutus,Naesiotus hirsutus,-0.6473,-90.25055,
SC 03 33,Naesiotus,akamatus,Naesiotus akamatus,-0.6456167,-90.2496667,
SC 03 33,Naesiotus,n.sp.SC-2,Naesiotus n.sp.SC-2,-0.6456167,-90.2496667,
SC 03 34,Naesiotus,n.sp. Yannickus,Naesiotus n.sp. Yannickus,-0.6452333,-90.24925,
SC 2000-2,Naesiotus,hirsutus,Naesiotus hirsutus,-0.6704,-90.24893,180
SC 2000-2,Naesiotus,ochsneri,Naesiotus ochsneri,-0.6704,-90.24893,180
SC 2000-2,Naesiotus,reibischii,Naesiotus reibischii,-0.6704,-90.24893,180
SC02 T12 1,Naesiotus,reibischii,Naesiotus reibischii,-0.6716667,-90.2487,29
SC02 T12 2,Naesiotus,reibischii,Naesiotus reibischii,-0.6716667,-90.2487,29
SC02 T12 3,Naesiotus,reibischii,Naesiotus reibischii,-0.6716667,-90.2487,29
SC02 T12 4,Naesiotus,reibischii,Naesiotus reibischii,-0.6716667,-90.2487,29
SC02 T12 5,Naesiotus,reibischii,Naesiotus reibischii,-0.6716667,-90.2487,29
SC02 T12 6,Naesiotus,reibischii,Naesiotus reibischii,-0.6716667,-90.2487,29
SC02 T12 7,Naesiotus,reibischii,Naesiotus reibischii,-0.6716667,-90.2487,29
SC02 T12 8,Naesiotus,reibischii,Naesiotus reibischii,-0.6716667,-90.2487,29
SC02 T12 9,Naesiotus,reibischii,Naesiotus reibischii,-0.6716667,-90.2487,29
SC02 T12 10,Naesiotus,reibischii,Naesiotus reibischii,-0.6716667,-90.2487,29
SC02 T12 11,Naesiotus,reibischii,Naesiotus reibischii,-0.6716667,-90.2487,29
SC02 T12 12,Naesiotus,reibischii,Naesiotus reibischii,-0.6716667,-90.2487,29
SC02 T12 13,Naesiotus,reibischii,Naesiotus reibischii,-0.6716667,-90.2487,29
SC02 T12 14,Naesiotus,reibischii,Naesiotus reibischii,-0.6716667,-90.2487,29
SC02 T12 15,Naesiotus,reibischii,Naesiotus reibischii,-0.6716667,-90.2487,29
SC02 T12 16,Naesiotus,reibischii,Naesiotus reibischii,-0.6716667,-90.2487,29
SC02 T12 17,Naesiotus,reibischii,Naesiotus reibischii,-0.6716667,-90.2487,29
SC02 T12 18,Naesiotus,reibischii,Naesiotus reibischii,-0.6716667,-90.2487,29
SC02 T12 19,Naesiotus,reibischii,Naesiotus reibischii,-0.6716667,-90.2487,29
SC02 T12 20,Naesiotus,reibischii,Naesiotus reibischii,-0.6716667,-90.2487,29
SC-T12,Naesiotus,reibischii,Naesiotus reibischii,-0.671882629,-90.24839904,215
SC 03 35,Naesiotus,akamatus,Naesiotus akamatus,-0.6567,-90.2463333,
SC 03 35,Naesiotus,hirsutus,Naesiotus hirsutus,-0.6567,-90.2463333,
SC 03 35,Naesiotus,reibischii,Naesiotus reibischii,-0.6567,-90.2463333,
SC 14 06,Naesiotus,akamatus,Naesiotus akamatus,-0.656609042,-90.24629384,191.9074707
SC 14 06,Naesiotus,hirsutus,Naesiotus hirsutus,-0.656609042,-90.24629384,191.9074707
SC 14 06,Naesiotus,n.sp. Yannickus,Naesiotus n.sp. Yannickus,-0.656609042,-90.24629384,191.9074707
SC05 121-1,Naesiotus,n.sp.SC-2,Naesiotus n.sp.SC-2,-0.658667218,-90.2460615,185.1782227
SC05 121-2,Naesiotus,n.sp.SC-2,Naesiotus n.sp.SC-2,-0.658667218,-90.2460615,185.1782227
SC05 121-3,Naesiotus,n.sp.SC-2,Naesiotus n.sp.SC-2,-0.658667218,-90.2460615,185.1782227
SC05 121-4,Naesiotus,n.sp.SC-2,Naesiotus n.sp.SC-2,-0.658667218,-90.2460615,185.1782227
SC05 121-5,Naesiotus,n.sp.SC-2,Naesiotus n.sp.SC-2,-0.658667218,-90.2460615,185.1782227
SC05 121-6,Naesiotus,n.sp.SC-2,Naesiotus n.sp.SC-2,-0.658667218,-90.2460615,185.1782227
SC05 121-7,Naesiotus,n.sp.SC-2,Naesiotus n.sp.SC-2,-0.658667218,-90.2460615,185.1782227
SC05 121-8,Naesiotus,n.sp.SC-2,Naesiotus n.sp.SC-2,-0.658667218,-90.2460615,185.1782227
SC05 121-9,Naesiotus,n.sp.SC-2,Naesiotus n.sp.SC-2,-0.658667218,-90.2460615,185.1782227
SC05 121-10,Naesiotus,n.sp.SC-2,Naesiotus n.sp.SC-2,-0.658667218,-90.2460615,185.1782227
SC05 121-11,Naesiotus,n.sp.SC-2,Naesiotus n.sp.SC-2,-0.658667218,-90.2460615,185.1782227
SC05 121-12,Naesiotus,n.sp.SC-2,Naesiotus n.sp.SC-2,-0.658667218,-90.2460615,185.1782227
SC05 121-13,Naesiotus,n.sp.SC-2,Naesiotus n.sp.SC-2,-0.658667218,-90.2460615,185.1782227
SC05 121-14,Naesiotus,n.sp.SC-2,Naesiotus n.sp.SC-2,-0.658667218,-90.2460615,185.1782227
SC05 121-15,Naesiotus,n.sp.SC-2,Naesiotus n.sp.SC-2,-0.658667218,-90.2460615,185.1782227
SC05 121-16,Naesiotus,n.sp.SC-2,Naesiotus n.sp.SC-2,-0.658667218,-90.2460615,185.1782227
SC05 121-17,Naesiotus,n.sp.SC-2,Naesiotus n.sp.SC-2,-0.658667218,-90.2460615,185.1782227
SC05 121-18,Naesiotus,n.sp.SC-2,Naesiotus n.sp.SC-2,-0.658667218,-90.2460615,185.1782227
SC05 121-19,Naesiotus,n.sp.SC-2,Naesiotus n.sp.SC-2,-0.658667218,-90.2460615,185.1782227
SC05 121-20,Naesiotus,n.sp.SC-2,Naesiotus n.sp.SC-2,-0.658667218,-90.2460615,185.1782227
SC05 121,Naesiotus,n.sp.SC-2,Naesiotus n.sp.SC-2,-0.658667218,-90.2460615,185.1782227
SC 03 36,Naesiotus,akamatus,Naesiotus akamatus,-0.655875122,-90.24583602,
SC 03 36,Naesiotus,hirsutus,Naesiotus hirsutus,-0.655875122,-90.24583602,
SC 03 38,Naesiotus,hirsutus,Naesiotus hirsutus,-0.653987937,-90.24545196,
SC 03 37,Naesiotus,hirsutus,Naesiotus hirsutus,-0.654948838,-90.24535901,
SC 14 01,Naesiotus,akamatus,Naesiotus akamatus,-0.654998291,-90.2453456,176.2861328
SC1T3,Naesiotus,akamatus,Naesiotus akamatus,-0.653441269,-90.24526798,170.5181885
SC1T5,Naesiotus,reibischii,Naesiotus reibischii,-0.655233823,-90.24514904,166.1923828
SC14 MR01,Naesiotus,akamatus,Naesiotus akamatus,-0.6554667,-90.24513,172
SC15-G-01-1-10,Naesiotus,akamatus,Naesiotus akamatus,-0.651557771,-90.24494377,171.7198486
SC15-G-01-1-11,Naesiotus,akamatus,Naesiotus akamatus,-0.651557771,-90.24494377,171.7198486
SC15-G-01-1-12,Naesiotus,akamatus,Naesiotus akamatus,-0.651557771,-90.24494377,171.7198486
SC15-G-01-1-13,Naesiotus,akamatus,Naesiotus akamatus,-0.651557771,-90.24494377,171.7198486
SC15-G-01-1-14,Naesiotus,akamatus,Naesiotus akamatus,-0.651557771,-90.24494377,171.7198486
SC15-G-01-1-15,Naesiotus,akamatus,Naesiotus akamatus,-0.651557771,-90.24494377,171.7198486
SC15-G-01-1-16,Naesiotus,akamatus,Naesiotus akamatus,-0.651557771,-90.24494377,171.7198486
SC15-G-01-1-17,Naesiotus,akamatus,Naesiotus akamatus,-0.651557771,-90.24494377,171.7198486
SC15-G-01-1-18,Naesiotus,akamatus,Naesiotus akamatus,-0.651557771,-90.24494377,171.7198486
SC15-G-01-3-1,Naesiotus,hirsutus,Naesiotus hirsutus,-0.651557771,-90.24494377,171.7198486
SC15-G-01-3-2,Naesiotus,hirsutus,Naesiotus hirsutus,-0.651557771,-90.24494377,171.7198486
SC1T1,Naesiotus,hirsutus,Naesiotus hirsutus,-0.651557771,-90.24494377,171.7198486
SC15-G-01-1-1,Naesiotus,kublerensis,Naesiotus kublerensis,-0.651557771,-90.24494377,171.7198486
SC15-G-01-1-2,Naesiotus,kublerensis,Naesiotus kublerensis,-0.651557771,-90.24494377,171.7198486
SC15-G-01-1-3,Naesiotus,kublerensis,Naesiotus kublerensis,-0.651557771,-90.24494377,171.7198486
SC15-G-01-1-4,Naesiotus,kublerensis,Naesiotus kublerensis,-0.651557771,-90.24494377,171.7198486
SC15-G-01-1-5,Naesiotus,kublerensis,Naesiotus kublerensis,-0.651557771,-90.24494377,171.7198486
SC15-G-01-1-6,Naesiotus,kublerensis,Naesiotus kublerensis,-0.651557771,-90.24494377,171.7198486
SC15-G-01-1-7,Naesiotus,kublerensis,Naesiotus kublerensis,-0.651557771,-90.24494377,171.7198486
SC15-G-01-2-1,Naesiotus,reibischii,Naesiotus reibischii,-0.651557771,-90.24494377,171.7198486
SC15-G-01-2-2,Naesiotus,reibischii,Naesiotus reibischii,-0.651557771,-90.24494377,171.7198486
SC15-G-01-2-3,Naesiotus,reibischii,Naesiotus reibischii,-0.651557771,-90.24494377,171.7198486
SC15-G-01-2-4,Naesiotus,reibischii,Naesiotus reibischii,-0.651557771,-90.24494377,171.7198486
SC15-G-01-2-5,Naesiotus,reibischii,Naesiotus reibischii,-0.651557771,-90.24494377,171.7198486
SC 03 41,Naesiotus,akamatus,Naesiotus akamatus,-0.655813012,-90.244724,
SC 03 40,Naesiotus,akamatus,Naesiotus akamatus,-0.65271724,-90.24442904,
SC 03 40,Naesiotus,hirsutus,Naesiotus hirsutus,-0.65271724,-90.24442904,
SC 03 40,Naesiotus,reibischii,Naesiotus reibischii,-0.65271724,-90.24442904,
SC 03 13,Naesiotus,hirsutus,Naesiotus hirsutus,-0.6603333,-90.2440833,
SC 03 42,Naesiotus,akamatus,Naesiotus akamatus,-0.656514913,-90.24396401,
SC 03 43,Naesiotus,akamatus,Naesiotus akamatus,-0.657420326,-90.24343603,
SC 03 43,Naesiotus,hirsutus,Naesiotus hirsutus,-0.657420326,-90.24343603,
SC05 441 1,Naesiotus,reibischii,Naesiotus reibischii,-0.658332696,-90.24328499,
SC05 441 2,Naesiotus,reibischii,Naesiotus reibischii,-0.658332696,-90.24328499,
SC05 441 3,Naesiotus,reibischii,Naesiotus reibischii,-0.658332696,-90.24328499,
SC05 441 4,Naesiotus,reibischii,Naesiotus reibischii,-0.658332696,-90.24328499,
SC05 441 5,Naesiotus,reibischii,Naesiotus reibischii,-0.658332696,-90.24328499,
SC05 441 6,Naesiotus,reibischii,Naesiotus reibischii,-0.658332696,-90.24328499,
SC05 441 7,Naesiotus,reibischii,Naesiotus reibischii,-0.658332696,-90.24328499,
SC05 441 8,Naesiotus,reibischii,Naesiotus reibischii,-0.658332696,-90.24328499,
SC05 441 9,Naesiotus,reibischii,Naesiotus reibischii,-0.658332696,-90.24328499,
SC05 441 10,Naesiotus,reibischii,Naesiotus reibischii,-0.658332696,-90.24328499,
SC05 441 11,Naesiotus,reibischii,Naesiotus reibischii,-0.658332696,-90.24328499,
SC05 441 12,Naesiotus,reibischii,Naesiotus reibischii,-0.658332696,-90.24328499,
SC05 441 13,Naesiotus,reibischii,Naesiotus reibischii,-0.658332696,-90.24328499,
SC05 441 14,Naesiotus,reibischii,Naesiotus reibischii,-0.658332696,-90.24328499,
SC05 441 15,Naesiotus,reibischii,Naesiotus reibischii,-0.658332696,-90.24328499,
SC05 441 16,Naesiotus,reibischii,Naesiotus reibischii,-0.658332696,-90.24328499,
SC05 441 17,Naesiotus,reibischii,Naesiotus reibischii,-0.658332696,-90.24328499,
SC05 441 18,Naesiotus,reibischii,Naesiotus reibischii,-0.658332696,-90.24328499,
SC05 441 19,Naesiotus,reibischii,Naesiotus reibischii,-0.658332696,-90.24328499,
SC05 441 20,Naesiotus,reibischii,Naesiotus reibischii,-0.658332696,-90.24328499,
SC05 441 21,Naesiotus,reibischii,Naesiotus reibischii,-0.658332696,-90.24328499,
SC05 441 22,Naesiotus,reibischii,Naesiotus reibischii,-0.658332696,-90.24328499,
SC05 441 23,Naesiotus,reibischii,Naesiotus reibischii,-0.658332696,-90.24328499,
SC 01 07,Naesiotus,adelphus,Naesiotus adelphus,-0.67333333,-90.24277778,157
SC 01 07,Naesiotus,kublerensis,Naesiotus kublerensis,-0.6732333,-90.2427,157
SC01-07,Naesiotus,wolfi,Naesiotus wolfi,-0.6732333,-90.2427,157
SC01-07,Naesiotus,wolfi,Naesiotus wolfi,-0.6732333,-90.2427,157
SC01-07,Naesiotus,wolfi,Naesiotus wolfi,-0.6732333,-90.2427,157
SC01-07,Naesiotus,wolfi,Naesiotus wolfi,-0.6732333,-90.2427,157
SC01-07,Naesiotus,wolfi,Naesiotus wolfi,-0.6732333,-90.2427,157
SC01-07,Naesiotus,wolfi,Naesiotus wolfi,-0.6732333,-90.2427,157
SC 03 14,Naesiotus,akamatus,Naesiotus akamatus,-0.6593333,-90.2426833,
SC 03 14,Naesiotus,hirsutus,Naesiotus hirsutus,-0.6593333,-90.2426833,
SC 03 14,Naesiotus,n.sp.SC-2,Naesiotus n.sp.SC-2,-0.6593333,-90.2426833,
SC 03 62,Naesiotus,wolfi,Naesiotus wolfi,-0.672054626,-90.24262802,
SC 03 52,Naesiotus,hirsutus,Naesiotus hirsutus,-0.660165818,-90.24231797,
SC03 52 01,Naesiotus,akamatus,Naesiotus akamatus,-0.660165818,-90.24231797,
SC03 52 02,Naesiotus,akamatus,Naesiotus akamatus,-0.660165818,-90.24231797,
SC03 52 03,Naesiotus,akamatus,Naesiotus akamatus,-0.660165818,-90.24231797,
SC03 52 04,Naesiotus,akamatus,Naesiotus akamatus,-0.660165818,-90.24231797,
SC03 52 05,Naesiotus,akamatus,Naesiotus akamatus,-0.660165818,-90.24231797,
SC03 52 06,Naesiotus,akamatus,Naesiotus akamatus,-0.660165818,-90.24231797,
SC03 52 07,Naesiotus,akamatus,Naesiotus akamatus,-0.660165818,-90.24231797,
SC03 52 04,Naesiotus,akamatus,Naesiotus akamatus,-0.660165818,-90.24231797,
SC03 52 06,Naesiotus,akamatus,Naesiotus akamatus,-0.660165818,-90.24231797,
SC02 T10 1,Naesiotus,hirsutus,Naesiotus hirsutus,-0.6732,-90.242,16
SC02 T10 2,Naesiotus,hirsutus,Naesiotus hirsutus,-0.6732,-90.242,16
SC02 T10 3,Naesiotus,hirsutus,Naesiotus hirsutus,-0.6732,-90.242,16
SC02 T10 4,Naesiotus,hirsutus,Naesiotus hirsutus,-0.6732,-90.242,16
SC02 T10 5,Naesiotus,hirsutus,Naesiotus hirsutus,-0.6732,-90.242,16
SC02 T10 6,Naesiotus,hirsutus,Naesiotus hirsutus,-0.6732,-90.242,16
SC02 T10 7,Naesiotus,hirsutus,Naesiotus hirsutus,-0.6732,-90.242,16
SC02 T10 8,Naesiotus,hirsutus,Naesiotus hirsutus,-0.6732,-90.242,16
SC02 T10 9,Naesiotus,hirsutus,Naesiotus hirsutus,-0.6732,-90.242,16
SC02 T10 10,Naesiotus,hirsutus,Naesiotus hirsutus,-0.6732,-90.242,16
SC02 T10 11,Naesiotus,hirsutus,Naesiotus hirsutus,-0.6732,-90.242,16
SC02 T10 12,Naesiotus,hirsutus,Naesiotus hirsutus,-0.6732,-90.242,16
SC02 T10 13,Naesiotus,hirsutus,Naesiotus hirsutus,-0.6732,-90.242,16
SC02 T10 14,Naesiotus,hirsutus,Naesiotus hirsutus,-0.6732,-90.242,16
SC 03 53,Naesiotus,hirsutus,Naesiotus hirsutus,-0.660981461,-90.24198202,
SC 03 53 01,Naesiotus,akamatus,Naesiotus akamatus,-0.660981461,-90.24198202,
SC 03 53 02,Naesiotus,akamatus,Naesiotus akamatus,-0.660981461,-90.24198202,
SC 03 53 03,Naesiotus,akamatus,Naesiotus akamatus,-0.660981461,-90.24198202,
SC 03 53 04,Naesiotus,akamatus,Naesiotus akamatus,-0.660981461,-90.24198202,
SC 03 53 05,Naesiotus,akamatus,Naesiotus akamatus,-0.660981461,-90.24198202,
SC 03 53 06,Naesiotus,akamatus,Naesiotus akamatus,-0.660981461,-90.24198202,
SC 03 53 07,Naesiotus,akamatus,Naesiotus akamatus,-0.660981461,-90.24198202,
SC 03 53 08,Naesiotus,akamatus,Naesiotus akamatus,-0.660981461,-90.24198202,
SC-T10,Naesiotus,adelphus,Naesiotus adelphus,-0.673148632,-90.241935,157
SC-T10,Naesiotus,hirsutus,Naesiotus hirsutus,-0.673148632,-90.241935,157
SC 03 59,Naesiotus,adelphus,Naesiotus adelphus,-0.668009939,-90.24137903,
SC 03 59,Naesiotus,hirsutus,Naesiotus hirsutus,-0.668009939,-90.24137903,
SC 03 54,Naesiotus,akamatus,Naesiotus akamatus,-0.661710603,-90.24137702,
SC 03 56,Naesiotus,akamatus,Naesiotus akamatus,-0.663424116,-90.24132103,
SC 03 57,Naesiotus,adelphus,Naesiotus adelphus,-0.66489229,-90.24110503,
SC03 S12 583,Naesiotus,wolfi,Naesiotus wolfi,-0.66643456,-90.24095901,
SC 01 06,Naesiotus,kublerensis,Naesiotus kublerensis,-0.67225,-90.24033,167
SC 01 06,Naesiotus,n.sp.SC-1,Naesiotus n.sp.SC-1,-0.67225,-90.24033,167
SC 01 06,Naesiotus,wolfi,Naesiotus wolfi,-0.67225,-90.24033,167
SC01-06,Naesiotus,wolfi,Naesiotus wolfi,-0.67225,-90.24033,167
SC01-06,Naesiotus,wolfi,Naesiotus wolfi,-0.67225,-90.24033,167
SC01-06,Naesiotus,wolfi,Naesiotus wolfi,-0.67225,-90.24033,167
SC01-06,Naesiotus,wolfi,Naesiotus wolfi,-0.67225,-90.24033,167
SC01-06,Naesiotus,wolfi,Naesiotus wolfi,-0.67225,-90.24033,167
SC01-06,Naesiotus,wolfi,Naesiotus wolfi,-0.67225,-90.24033,167
SC 03 16,Naesiotus,hirsutus,Naesiotus hirsutus,-0.6591,-90.2398333,
SC 03 16,Naesiotus,n.sp.SC-2,Naesiotus n.sp.SC-2,-0.6591,-90.2398333,
SC-T09,Naesiotus,adelphus,Naesiotus adelphus,-0.67320236,-90.23878098,163
SC-T09 reibischii,Naesiotus,reibischii,Naesiotus reibischii,-0.67320236,-90.23878098,163
SC 03 17,Naesiotus,reibischii,Naesiotus reibischii,-0.6597333,-90.2384167,
SC 01 x 05,Naesiotus,n.sp.SC-3,Naesiotus n.sp.SC-3,-0.675,-90.2375,102.7
SC 01 x 05,Naesiotus,wolfi,Naesiotus wolfi,-0.675,-90.2375,102.7
SC-T08,Naesiotus,adelphus,Naesiotus adelphus,-0.675535882,-90.23698398,134
SC-T08,Naesiotus,reibischii,Naesiotus reibischii,-0.675535882,-90.23698398,134
SC 03 18,Naesiotus,reibischii,Naesiotus reibischii,-0.6595833,-90.2369667,
SC05 181-1,Naesiotus,reibischii,Naesiotus reibischii,-0.659576738,-90.23696202,134.112
SC05 181-2,Naesiotus,reibischii,Naesiotus reibischii,-0.659576738,-90.23696202,134.112
SC05 181-3,Naesiotus,reibischii,Naesiotus reibischii,-0.659576738,-90.23696202,134.112
SC05 181-4,Naesiotus,reibischii,Naesiotus reibischii,-0.659576738,-90.23696202,134.112
SC05 181-5,Naesiotus,reibischii,Naesiotus reibischii,-0.659576738,-90.23696202,134.112
SC05 181-6,Naesiotus,reibischii,Naesiotus reibischii,-0.659576738,-90.23696202,134.112
SC05 181-7,Naesiotus,reibischii,Naesiotus reibischii,-0.659576738,-90.23696202,134.112
SC05 181-8,Naesiotus,reibischii,Naesiotus reibischii,-0.659576738,-90.23696202,134.112
SC05 181-9,Naesiotus,reibischii,Naesiotus reibischii,-0.659576738,-90.23696202,134.112
SC05 181-10,Naesiotus,reibischii,Naesiotus reibischii,-0.659576738,-90.23696202,134.112
SC05 181-11,Naesiotus,reibischii,Naesiotus reibischii,-0.659576738,-90.23696202,134.112
SC05 181-12,Naesiotus,reibischii,Naesiotus reibischii,-0.659576738,-90.23696202,134.112
SC05 181-13,Naesiotus,reibischii,Naesiotus reibischii,-0.659576738,-90.23696202,134.112
SC05 181-14,Naesiotus,reibischii,Naesiotus reibischii,-0.659576738,-90.23696202,134.112
SC05 181-15,Naesiotus,reibischii,Naesiotus reibischii,-0.659576738,-90.23696202,134.112
SC05 181-16,Naesiotus,reibischii,Naesiotus reibischii,-0.659576738,-90.23696202,134.112
SC05 181-17,Naesiotus,reibischii,Naesiotus reibischii,-0.659576738,-90.23696202,134.112
SC05 181-18,Naesiotus,reibischii,Naesiotus reibischii,-0.659576738,-90.23696202,134.112
SC05 181-19,Naesiotus,reibischii,Naesiotus reibischii,-0.659576738,-90.23696202,134.112
SC05 181-20,Naesiotus,reibischii,Naesiotus reibischii,-0.659576738,-90.23696202,134.112
SC05 181,Naesiotus,reibischii,Naesiotus reibischii,-0.659576738,-90.23696202,134.112
SC05 181,Naesiotus,reibischii,Naesiotus reibischii,-0.659576738,-90.23696202,134.112
SC02 T08,Naesiotus,kublerensis,Naesiotus kublerensis,-0.6755667,-90.23695,18
SC02 T08,Naesiotus,kublerensis,Naesiotus kublerensis,-0.6755667,-90.23695,18
SC02 T08,Naesiotus,n.sp. Yannickus,Naesiotus n.sp. Yannickus,-0.6755667,-90.23695,18
SC02 T08,Naesiotus,n.sp. Yannickus,Naesiotus n.sp. Yannickus,-0.6755667,-90.23695,18
SC02 T08,Naesiotus,n.sp. Yannickus,Naesiotus n.sp. Yannickus,-0.6755667,-90.23695,18
SC02 T08,Naesiotus,n.sp. Yannickus,Naesiotus n.sp. Yannickus,-0.6755667,-90.23695,18
SC02 T08 1,Naesiotus,n.sp.SC-2,Naesiotus n.sp.SC-2,-0.6755667,-90.23695,18
SC02 T08 2,Naesiotus,n.sp.SC-2,Naesiotus n.sp.SC-2,-0.6755667,-90.23695,18
SC02 T08 3,Naesiotus,n.sp.SC-2,Naesiotus n.sp.SC-2,-0.6755667,-90.23695,18
SC02 T08 4,Naesiotus,n.sp.SC-2,Naesiotus n.sp.SC-2,-0.6755667,-90.23695,18
SC02 T08 5,Naesiotus,n.sp.SC-2,Naesiotus n.sp.SC-2,-0.6755667,-90.23695,18
SC02 T08 6,Naesiotus,n.sp.SC-2,Naesiotus n.sp.SC-2,-0.6755667,-90.23695,18
SC02 T08 7,Naesiotus,n.sp.SC-2,Naesiotus n.sp.SC-2,-0.6755667,-90.23695,18
SC02 T08 8,Naesiotus,n.sp.SC-2,Naesiotus n.sp.SC-2,-0.6755667,-90.23695,18
SC02 T08 9,Naesiotus,n.sp.SC-2,Naesiotus n.sp.SC-2,-0.6755667,-90.23695,18
SC02 T08 10,Naesiotus,n.sp.SC-2,Naesiotus n.sp.SC-2,-0.6755667,-90.23695,18
SC02 T08 11,Naesiotus,n.sp.SC-2,Naesiotus n.sp.SC-2,-0.6755667,-90.23695,18
SC02 T08 12,Naesiotus,n.sp.SC-2,Naesiotus n.sp.SC-2,-0.6755667,-90.23695,18
SC02 T08 13,Naesiotus,n.sp.SC-2,Naesiotus n.sp.SC-2,-0.6755667,-90.23695,18
SC02 T08 14,Naesiotus,n.sp.SC-2,Naesiotus n.sp.SC-2,-0.6755667,-90.23695,18
SC02 T08 15,Naesiotus,n.sp.SC-2,Naesiotus n.sp.SC-2,-0.6755667,-90.23695,18
SC02 T08 16,Naesiotus,n.sp.SC-2,Naesiotus n.sp.SC-2,-0.6755667,-90.23695,18
SC02 T08 17,Naesiotus,n.sp.SC-2,Naesiotus n.sp.SC-2,-0.6755667,-90.23695,18
SC02 T08 18,Naesiotus,n.sp.SC-2,Naesiotus n.sp.SC-2,-0.6755667,-90.23695,18
SC02 T08 19,Naesiotus,n.sp.SC-2,Naesiotus n.sp.SC-2,-0.6755667,-90.23695,18
SC02 T08 20,Naesiotus,n.sp.SC-2,Naesiotus n.sp.SC-2,-0.6755667,-90.23695,18
SC02 T08 21,Naesiotus,n.sp.SC-2,Naesiotus n.sp.SC-2,-0.6755667,-90.23695,18
SC02 T08 22,Naesiotus,n.sp.SC-2,Naesiotus n.sp.SC-2,-0.6755667,-90.23695,18
SC02 T08 23,Naesiotus,n.sp.SC-2,Naesiotus n.sp.SC-2,-0.6755667,-90.23695,18
SC02 T08 24,Naesiotus,n.sp.SC-2,Naesiotus n.sp.SC-2,-0.6755667,-90.23695,18
SC02 T08 25,Naesiotus,n.sp.SC-2,Naesiotus n.sp.SC-2,-0.6755667,-90.23695,18
SC02 T08 26,Naesiotus,n.sp.SC-2,Naesiotus n.sp.SC-2,-0.6755667,-90.23695,18
SC02 T08 27,Naesiotus,n.sp.SC-2,Naesiotus n.sp.SC-2,-0.6755667,-90.23695,18
SC02 T08,Naesiotus,reibischii,Naesiotus reibischii,-0.6755667,-90.23695,18
SC02 T08,Naesiotus,reibischii,Naesiotus reibischii,-0.6755667,-90.23695,18
SC02 T08,Naesiotus,reibischii,Naesiotus reibischii,-0.6755667,-90.23695,18
SC02 T08,Naesiotus,wolfi,Naesiotus wolfi,-0.6755667,-90.23695,18
SC03 19,Naesiotus,akamatus,Naesiotus akamatus,-0.658959495,-90.23568604,
SC 03 63,Naesiotus,hirsutus,Naesiotus hirsutus,-0.65868197,-90.23466798,
SC 03 63,Naesiotus,reibischii,Naesiotus reibischii,-0.65868197,-90.23466798,
SC01-04-2,Naesiotus,akamatus,Naesiotus akamatus,-0.6763167,-90.23457,85
SC01-04-3,Naesiotus,akamatus,Naesiotus akamatus,-0.6763167,-90.23457,85
SC01-04-4,Naesiotus,akamatus,Naesiotus akamatus,-0.6763167,-90.23457,85
SC01-04-6,Naesiotus,akamatus,Naesiotus akamatus,-0.6763167,-90.23457,85
SC01-04-7,Naesiotus,akamatus,Naesiotus akamatus,-0.6763167,-90.23457,85
SC01-04-9,Naesiotus,akamatus,Naesiotus akamatus,-0.6763167,-90.23457,85
SC01-04-10,Naesiotus,akamatus,Naesiotus akamatus,-0.6763167,-90.23457,85
SC01-04-11,Naesiotus,akamatus,Naesiotus akamatus,-0.6763167,-90.23457,85
SC 01 04,Naesiotus,n.sp.SC-1,Naesiotus n.sp.SC-1,-0.6763167,-90.23457,85
SC 01 04,Naesiotus,wolfi,Naesiotus wolfi,-0.6763167,-90.23457,85
SC 01-04-1-01,Naesiotus,wolfi,Naesiotus wolfi,-0.6763167,-90.23457,85
SC 01-04-1-02,Naesiotus,wolfi,Naesiotus wolfi,-0.6763167,-90.23457,85
SC 01-04-1-03,Naesiotus,wolfi,Naesiotus wolfi,-0.6763167,-90.23457,85
SC 01-04-1-04,Naesiotus,wolfi,Naesiotus wolfi,-0.6763167,-90.23457,85
SC 01-04-1-05,Naesiotus,wolfi,Naesiotus wolfi,-0.6763167,-90.23457,85
SC 01-04-1-06,Naesiotus,wolfi,Naesiotus wolfi,-0.6763167,-90.23457,85
SC 01-04-1-07,Naesiotus,wolfi,Naesiotus wolfi,-0.6763167,-90.23457,85
SC 01-04-1-08,Naesiotus,wolfi,Naesiotus wolfi,-0.6763167,-90.23457,85
SC 01-04-1-09,Naesiotus,wolfi,Naesiotus wolfi,-0.6763167,-90.23457,85
SC 01-04-1-10,Naesiotus,wolfi,Naesiotus wolfi,-0.6763167,-90.23457,85
SC 01-04-1-11,Naesiotus,wolfi,Naesiotus wolfi,-0.6763167,-90.23457,85
SC 01-04-1-12,Naesiotus,wolfi,Naesiotus wolfi,-0.6763167,-90.23457,85
SC 01-04-1-13,Naesiotus,wolfi,Naesiotus wolfi,-0.6763167,-90.23457,85
SC 01-04-1-14,Naesiotus,wolfi,Naesiotus wolfi,-0.6763167,-90.23457,85
SC 01-04-1-15,Naesiotus,wolfi,Naesiotus wolfi,-0.6763167,-90.23457,85
SC 01-04-1-16,Naesiotus,wolfi,Naesiotus wolfi,-0.6763167,-90.23457,85
SC01-04,Naesiotus,wolfi,Naesiotus wolfi,-0.6763167,-90.23457,85
SC01-04,Naesiotus,wolfi,Naesiotus wolfi,-0.6763167,-90.23457,85
SC01-04,Naesiotus,wolfi,Naesiotus wolfi,-0.6763167,-90.23457,85
SC01-04,Naesiotus,wolfi,Naesiotus wolfi,-0.6763167,-90.23457,85
SC01-04,Naesiotus,wolfi,Naesiotus wolfi,-0.6763167,-90.23457,85
SC01-04,Naesiotus,wolfi,Naesiotus wolfi,-0.6763167,-90.23457,85
SC01-04,Naesiotus,wolfi,Naesiotus wolfi,-0.6763167,-90.23457,85
SC01-04,Naesiotus,wolfi,Naesiotus wolfi,-0.6763167,-90.23457,85
SC01-04,Naesiotus,wolfi,Naesiotus wolfi,-0.6763167,-90.23457,85
SC01-04,Naesiotus,wolfi,Naesiotus wolfi,-0.6763167,-90.23457,85
SC01-04,Naesiotus,wolfi,Naesiotus wolfi,-0.6763167,-90.23457,85
SC01-04,Naesiotus,wolfi,Naesiotus wolfi,-0.6763167,-90.23457,85
SC01-04-1,Naesiotus,wolfi,Naesiotus wolfi,-0.6763167,-90.23457,85
SC01-04-5,Naesiotus,wolfi,Naesiotus wolfi,-0.6763167,-90.23457,85
SC01-04-8,Naesiotus,wolfi,Naesiotus wolfi,-0.6763167,-90.23457,85
SC01-04-12,Naesiotus,wolfi,Naesiotus wolfi,-0.6763167,-90.23457,85
SC T07,Naesiotus,adelphus,Naesiotus adelphus,-0.676716138,-90.23428601,113
SC 00 8,Naesiotus,wolfi,Naesiotus wolfi,-0.6766167,-90.23422,50
SC 03 64,Naesiotus,akamatus,Naesiotus akamatus,-0.658436464,-90.23364698,
SC 03 64,Naesiotus,hirsutus,Naesiotus hirsutus,-0.658436464,-90.23364698,
SC 03 64,Naesiotus,reibischii,Naesiotus reibischii,-0.658436464,-90.23364698,
SC 03 67,Naesiotus,hirsutus,Naesiotus hirsutus,-0.657753758,-90.23184696,
SC 03 66,Naesiotus,hirsutus,Naesiotus hirsutus,-0.658661686,-90.23163297,
SC T06,Naesiotus,adelphus,Naesiotus adelphus,-0.678201998,-90.23153398,93
SC T06,Naesiotus,reibischii,Naesiotus reibischii,-0.678201998,-90.23153398,93
SC 03 68,Naesiotus,hirsutus,Naesiotus hirsutus,-0.657146741,-90.23092101,
SC 03 68,Naesiotus,olla,Naesiotus olla,-0.657146741,-90.23092101,
SC 03 68,Naesiotus,reibischii,Naesiotus reibischii,-0.657146741,-90.23092101,
SC 03 69,Naesiotus,hirsutus,Naesiotus hirsutus,-0.656211739,-90.23047602,
SC 03 70,Naesiotus,hirsutus,Naesiotus hirsutus,-0.655976962,-90.22966297,
SC T04,Naesiotus,kublerensis,Naesiotus kublerensis,-0.677998066,-90.22553103,15
SC 03 49,Naesiotus,hirsutus,Naesiotus hirsutus,-0.678455466,-90.22475403,
SC T02,Naesiotus,hirsutus,Naesiotus hirsutus,-0.683099627,-90.22331502,12
SC T01,Naesiotus,hirsutus,Naesiotus hirsutus,-0.686018039,-90.22325099,11
SC 03 46,Naesiotus,hirsutus,Naesiotus hirsutus,-0.684007807,-90.22316901,
SC 03 45,Naesiotus,hirsutus,Naesiotus hirsutus,-0.685988031,-90.22299098,
SC00-1,Naesiotus,hirsutus,Naesiotus hirsutus,-0.68611111,-90.22277778,25
SC 15 Garr parking lot,Naesiotus,hirsutus,Naesiotus hirsutus,-0.689449,-90.221999,21
SC15-c t20,Naesiotus,akamatus,Naesiotus akamatus,-0.700633144,-90.45586087,96.7376709
SC15-c-T20-4-3,Naesiotus,wolfi,Naesiotus wolfi,-0.700633144,-90.45586087,96.7376709
SC15-c-T20-4-4,Naesiotus,wolfi,Naesiotus wolfi,-0.700633144,-90.45586087,96.7376709
SC15-c-T20-4-5,Naesiotus,wolfi,Naesiotus wolfi,-0.700633144,-90.45586087,96.7376709
SC15-c-T20-4-6,Naesiotus,wolfi,Naesiotus wolfi,-0.700633144,-90.45586087,96.7376709
SC15-c-T20-4-7,Naesiotus,wolfi,Naesiotus wolfi,-0.700633144,-90.45586087,96.7376709
SC15-c-T20-4-8,Naesiotus,wolfi,Naesiotus wolfi,-0.700633144,-90.45586087,96.7376709
SC15-c-T20-4-9,Naesiotus,wolfi,Naesiotus wolfi,-0.700633144,-90.45586087,96.7376709
SC15-c-T20-4-12,Naesiotus,wolfi,Naesiotus wolfi,-0.700633144,-90.45586087,96.7376709
SC15-c-T20-4-13,Naesiotus,wolfi,Naesiotus wolfi,-0.700633144,-90.45586087,96.7376709
SC15-c-T20-4-14,Naesiotus,wolfi,Naesiotus wolfi,-0.700633144,-90.45586087,96.7376709
SC15-c-T20-4-15,Naesiotus,wolfi,Naesiotus wolfi,-0.700633144,-90.45586087,96.7376709
SC15-c-T20-4-16,Naesiotus,wolfi,Naesiotus wolfi,-0.700633144,-90.45586087,96.7376709
SC15-c-T20-4-17,Naesiotus,wolfi,Naesiotus wolfi,-0.700633144,-90.45586087,96.7376709
SC15-c-T20-4-18,Naesiotus,wolfi,Naesiotus wolfi,-0.700633144,-90.45586087,96.7376709
SC15-g-01,Naesiotus,akamatus,Naesiotus akamatus,-0.655861376,-90.24576553,171.7198486
SC16-02,Naesiotus,ochsneri,Naesiotus ochsneri,-0.616635662,-90.42327253,445.4532471
